{"dataset": "MNIST", "batch_size": 128, "learning_rate": 0.01, "num_epochs": 5, "seed": 2934, "activation": "B_SPLINE_X", "train_losses": [2.2341583949416433, 2.2151490721875415, 2.2075525789118524, 2.199112325334854, 2.190200752286769], "test_losses": [2.2167574635034875, 2.209156615824639, 2.20115686066543, 2.1920775522159626, 2.1826484988007366], "test_accuracies": [38.25, 33.82, 33.94, 32.92, 32.6], "train_times": [10.47, 10.72, 10.51, 11.07, 10.34], "count_dead_neurons": [], "k": 3, "operation": "X", "control_points": [[0.48105359077453613, 0.2059534192085266], [0.742104172706604, 0.056513845920562744], [0.2335154414176941, 0.6265234351158142], [0.4124048948287964, 0.7906419038772583]], "knots": [-5.010000228881836, -5.010000228881836, -5.010000228881836, 0.0, 5.010000228881836, 5.010000228881836, 5.010000228881836], "min_knot": -5.01, "max_knot": 5.01, "cp_mode": "random", "cp_count": 4, "repeated_start_knots": 3, "repeated_end_knots": 3, "num_knots": 7, "free_knots": 1, "n": 3}