{"dataset": "MNIST", "batch_size": 128, "learning_rate": 0.01, "num_epochs": 5, "seed": 1234, "activation": "B_SPLINE_X", "train_losses": [2.231330568093989, 2.195331496724696, 2.179255891710456, 2.1643018966544667, 2.1502220025703087], "test_losses": [2.204003822954395, 2.1845125638985934, 2.1680373421198205, 2.1523760421366633, 2.138665606703939], "test_accuracies": [53.15, 47.26, 43.24, 41.8, 41.98], "train_times": [8.64, 9.42, 8.03, 9.6, 8.17], "count_dead_neurons": [], "k": 2, "operation": "X", "control_points": [[0.028979241847991943, 0.4018985629081726], [0.25984418392181396, 0.3666413426399231], [0.05830073356628418, 0.7006447315216064], [0.05179738998413086, 0.4681392312049866]], "knots": [-68.03571319580078, -68.03571319580078, -43.67198181152344, -19.308252334594727, 5.055479526519775, 5.055479526519775], "min_knot": -68.03571105957032, "max_knot": 5.055479297637939, "cp_mode": "random", "cp_count": 4, "repeated_start_knots": 2, "repeated_end_knots": 2, "num_knots": 6, "free_knots": 2, "n": 3}