{"dataset": "MNIST", "batch_size": 128, "learning_rate": 0.01, "num_epochs": 10, "seed": 1234, "activation": "B_SPLINE_X", "train_losses": [2.2954363919524496, 2.2968567922425422, 2.2976353829349283, 2.2979749753785286, 2.2981279267431067, 2.2981818530605294, 2.2981692900789827, 2.2981497458557585, 2.298088465672312, 2.2980211502961767], "test_losses": [2.295874260648896, 2.297060507762281, 2.2975573026681246, 2.2977989927122864, 2.297900924199744, 2.297924180574055, 2.2979108140438416, 2.2978625418264653, 2.297785659379597, 2.29774122600314], "test_accuracies": [11.35, 11.35, 11.35, 11.35, 11.35, 11.35, 11.35, 11.35, 11.35, 11.35], "train_times": [14.48, 15.4, 13.86, 15.33, 13.83, 15.18, 13.16, 14.92, 13.54, 15.75], "l2_norms": [0.16343046321204358, 0.10860555757699102, 0.10405310008712595, 0.10195271480425618, 0.10064139219103294, 0.09885881371795392, 0.09932883673208173, 0.09953554765486743, 0.09935675091726394, 0.09927096116767388], "conv_l2_norms": [0.03716707591617168, 0.0208630203556293, 0.018234581446243774, 0.017356051361086623, 0.01679277573530178, 0.016310283913878204, 0.016288315100949066, 0.01621404436619263, 0.01621115592738792, 0.016518086680615537], "fc_l2_norms": [0.15897061046501387, 0.10635679348445706, 0.10217491973097469, 0.10015628802557525, 0.09893044214587048, 0.09722914886268681, 0.09768119840281986, 0.09791000983227935, 0.09775476190442045, 0.09756343683482224], "conv1_l2_norms": [0.008486358751756629, 0.006200731877543846, 0.006043488167888807, 0.006254570619439326, 0.006485643984648244, 0.0066587490575734385, 0.006991667340427712, 0.007292961559843947, 0.0075826734703301766, 0.008027851795948407], "conv2_l2_norms": [0.036163640514098455, 0.01991817650764134, 0.01720129947188366, 0.016185824032740288, 0.015481381110398897, 0.014877821471218905, 0.014696055892889921, 0.01446027090244745, 0.014303884317126677, 0.014407245380231798], "fc1_l2_norms": [0.10229097772878784, 0.036386681216354536, 0.026120299411938087, 0.02226724638638014, 0.01982935872199798, 0.0181118462184032, 0.017295042681214574, 0.01648005672999257, 0.015884200798041846, 0.015654172123182996], "fc2_l2_norms": [0.11702566244464857, 0.09949429271648547, 0.09840898926094653, 0.0972742700909934, 0.09658321137733877, 0.09522667981517781, 0.09581808328143661, 0.09620913391547409, 0.0961770233181715, 0.0959809982376744], "count_dead_neurons": [], "k": 3, "operation": "X", "control_points": [[0.028979241847991943, 0.4018985629081726], [0.25984418392181396, 0.3666413426399231], [0.05830073356628418, 0.7006447315216064], [0.05179738998413086, 0.4681392312049866]], "knots": [-5.010000228881836, -5.010000228881836, -5.010000228881836, 0.0, 5.010000228881836, 5.010000228881836, 5.010000228881836], "min_knot": -5.01, "max_knot": 5.01, "cp_mode": "random", "cp_count": 4, "repeated_start_knots": 3, "repeated_end_knots": 3, "num_knots": 7, "free_knots": 1, "n": 3}