{"dataset": "MNIST", "batch_size": 128, "learning_rate": 0.01, "num_epochs": 5, "seed": 9859283, "activation": "B_SPLINE_X", "train_losses": [2.2512955797760728, 2.2342940180032236, 2.2321860922425034, 2.229453535730651, 2.2264258343019465], "test_losses": [2.2344765421710435, 2.232122155684459, 2.230218564407735, 2.2266885389255573, 2.2234673741497573], "test_accuracies": [27.39, 24.19, 27.59, 44.84, 25.09], "train_times": [10.94, 10.53, 11.36, 11.26, 10.19], "count_dead_neurons": [], "k": 3, "operation": "X", "control_points": [[0.5167590975761414, 0.43356209993362427], [0.4973334074020386, 0.41004443168640137], [0.9193550944328308, 0.6096861958503723], [0.5613484382629395, 0.6475276947021484]], "knots": [-8.549492835998535, -8.549492835998535, -8.549492835998535, 31.511722564697266, 71.57293701171875, 71.57293701171875, 71.57293701171875], "min_knot": -8.549492607116699, "max_knot": 71.57293487548829, "cp_mode": "random", "cp_count": 4, "repeated_start_knots": 3, "repeated_end_knots": 3, "num_knots": 7, "free_knots": 1, "n": 3}