{"dataset": "MNIST", "batch_size": 128, "learning_rate": 0.01, "num_epochs": 10, "seed": 2934, "activation": "B_SPLINE_X", "train_losses": [1.9758422260345427, 1.7493341182594868, 1.5828340800840464, 1.4470635774547358, 1.3356893710744406, 1.2456180568951278, 1.1699866694428012, 1.1056263731486762, 1.0514973408377755, 1.0026348955087316], "test_losses": [1.833400699156749, 1.6440322218062002, 1.4889146300810803, 1.3673511230492894, 1.266841619075099, 1.181569377832775, 1.1122036448007897, 1.0537570737585236, 1.0024032313612443, 0.9601364988314954], "test_accuracies": [67.33, 67.49, 72.07, 73.38, 74.59, 76.13, 76.85, 77.31, 78.21, 78.86], "train_times": [9.8, 9.99, 8.56, 9.99, 10.21, 8.2, 10.0, 10.08, 8.54, 10.17], "l2_norms": [0.8692070081608713, 0.6564439711954954, 0.6034145314986048, 0.5676619033376525, 0.5386329461324313, 0.5207954685874255, 0.4979070555852716, 0.48373346044005083, 0.4608178632314901, 0.452772060081895], "conv_l2_norms": [0.3448525168259766, 0.28406915330372956, 0.2470016790590969, 0.22351285897179615, 0.20047566289670066, 0.18386093805398182, 0.1702882061346304, 0.15526368187864412, 0.14545050759572178, 0.135806489627063], "fc_l2_norms": [0.7948745138223421, 0.5895445443721036, 0.5483441736968524, 0.5190874774489379, 0.4974599005435243, 0.4846807167914084, 0.465448581654468, 0.455765160387498, 0.43495402476379463, 0.42981718797739005], "conv1_l2_norms": [0.14959156971092935, 0.1719654411447792, 0.1589898164721451, 0.14679610006727728, 0.13240733234785934, 0.12212543945625781, 0.11352025019637575, 0.1033411718960877, 0.09702334378756731, 0.0904360676589541], "conv2_l2_norms": [0.30805348631376117, 0.22594871784139534, 0.18890524305051243, 0.16841106887833, 0.1503229979437537, 0.1372070904318926, 0.12674589329973976, 0.11563958899831617, 0.1080899820303963, 0.10107102084105615], "fc1_l2_norms": [0.639848002059491, 0.3965401289282226, 0.3526631805794854, 0.33037890624990035, 0.3173614108650974, 0.30550987030573734, 0.29515941032098, 0.28674187491973335, 0.2769404234491874, 0.2742636199181747], "fc2_l2_norms": [0.4589727544696469, 0.4342619879011903, 0.418222020302433, 0.3984105043038519, 0.38096849819734224, 0.37436916424322797, 0.3578302806637985, 0.3521810291065763, 0.3332738652722784, 0.32876298756485106], "count_dead_neurons": [], "k": 2, "operation": "X", "control_points": [[0.48105359077453613, 0.2059534192085266], [0.742104172706604, 0.056513845920562744], [0.2335154414176941, 0.6265234351158142], [0.4124048948287964, 0.7906419038772583]], "knots": [-5.010000228881836, -5.010000228881836, -1.6700000762939453, 1.6700000762939453, 5.010000228881836, 5.010000228881836], "min_knot": -5.01, "max_knot": 5.01, "cp_mode": "random", "cp_count": 4, "repeated_start_knots": 2, "repeated_end_knots": 2, "num_knots": 6, "free_knots": 2, "n": 3}