{"dataset": "MNIST", "batch_size": 128, "learning_rate": 0.01, "num_epochs": 5, "seed": 1234, "activation": "B_SPLINE_X", "train_losses": [2.29495021020934, 2.2966694969104045, 2.2974943479241086, 2.29787575868147, 2.298029786233963], "test_losses": [2.2956707930263085, 2.2969376165655593, 2.2974562644958496, 2.2977058706404287, 2.297807787038103], "test_accuracies": [12.86, 11.35, 11.35, 11.35, 11.35], "train_times": [11.13, 10.5, 10.46, 10.6, 11.3], "count_dead_neurons": [], "k": 3, "operation": "X", "control_points": [[0.028979241847991943, 0.4018985629081726], [0.25984418392181396, 0.3666413426399231], [0.05830073356628418, 0.7006447315216064], [0.05179738998413086, 0.4681392312049866]], "knots": [-17.69843864440918, -17.69843864440918, -17.69843864440918, -8.425806045532227, 0.8468278050422668, 0.8468278050422668, 0.8468278050422668], "min_knot": -17.698438415527345, "max_knot": 0.84682781457901, "cp_mode": "random", "cp_count": 4, "repeated_start_knots": 3, "repeated_end_knots": 3, "num_knots": 7, "free_knots": 1, "n": 3}