{"dataset": "MNIST", "batch_size": 128, "learning_rate": 0.01, "num_epochs": 5, "seed": 9859283, "activation": "B_SPLINE_X", "train_losses": [2.0633777832425735, 1.8838709458105092, 1.7489092655019212, 1.6286802950190074, 1.5245931677218438], "test_losses": [1.948787293856657, 1.803109010563621, 1.6755297123631345, 1.5606692516351048, 1.4638523150093947], "test_accuracies": [62.48, 61.27, 64.77, 65.67, 67.45], "train_times": [9.1, 8.89, 11.39, 11.23, 10.69], "count_dead_neurons": [], "k": 2, "operation": "X", "control_points": [[0.5167590975761414, 0.43356209993362427], [0.4973334074020386, 0.41004443168640137], [0.9193550944328308, 0.6096861958503723], [0.5613484382629395, 0.6475276947021484]], "knots": [-5.010000228881836, -5.010000228881836, -1.6700000762939453, 1.6700000762939453, 5.010000228881836, 5.010000228881836], "min_knot": -5.01, "max_knot": 5.01, "cp_mode": "random", "cp_count": 4, "repeated_start_knots": 2, "repeated_end_knots": 2, "num_knots": 6, "free_knots": 2, "n": 3}