{"dataset": "MNIST", "batch_size": 128, "learning_rate": 0.01, "num_epochs": 5, "seed": 2934, "activation": "B_SPLINE_X", "train_losses": [1.9933581194643781, 1.7769435646691556, 1.614648614865122, 1.4820810975804766, 1.3717196757859513], "test_losses": [1.85845801045623, 1.6762942090819153, 1.5253197860114183, 1.4055593375918232, 1.3047751656061486], "test_accuracies": [64.46, 66.06, 70.59, 72.08, 71.74], "train_times": [9.16, 9.03, 7.9, 9.03, 8.9], "count_dead_neurons": [], "k": 2, "operation": "X", "control_points": [[0.48105359077453613, 0.2059534192085266], [0.742104172706604, 0.056513845920562744], [0.2335154414176941, 0.6265234351158142], [0.4124048948287964, 0.7906419038772583]], "knots": [-191.03317260742188, -191.03317260742188, -115.95217895507812, -40.871192932128906, 34.209800720214844, 34.209800720214844], "min_knot": -191.03317810058593, "max_knot": 34.20980239868164, "cp_mode": "random", "cp_count": 4, "repeated_start_knots": 2, "repeated_end_knots": 2, "num_knots": 6, "free_knots": 2, "n": 3}