{"dataset": "MNIST", "batch_size": 128, "learning_rate": 0.01, "num_epochs": 10, "seed": 9859283, "activation": "B_SPLINE_X", "train_losses": [2.0633777832425735, 1.8838709458105092, 1.7489092655019212, 1.6286802950190074, 1.5245931677218438, 1.4325044317794506, 1.353599831239501, 1.2849077545503564, 1.223979763384821, 1.1705305703413258], "test_losses": [1.948787293856657, 1.803109010563621, 1.6755297123631345, 1.5606692516351048, 1.4638523150093947, 1.3765757627125028, 1.3003820663766017, 1.23667311668396, 1.1800786483136914, 1.1320557647113558], "test_accuracies": [62.48, 61.27, 64.77, 65.67, 67.45, 70.48, 71.88, 72.37, 75.13, 74.44], "train_times": [11.85, 12.61, 11.93, 10.73, 11.01, 10.58, 9.2, 10.68, 11.57, 10.55], "l2_norms": [0.9591317548397227, 0.7864105264048766, 0.7394631007455457, 0.7127603386756883, 0.6824638318503337, 0.6524994938514006, 0.6397200836482783, 0.6173046159484779, 0.6031893562984473, 0.5944022801973193], "conv_l2_norms": [0.3168068180253369, 0.2663217756778982, 0.23757646342155272, 0.21570410245944124, 0.1968999698167346, 0.17921509525957405, 0.1661349310608691, 0.1537721007105037, 0.14268836322693831, 0.13378104894787177], "fc_l2_norms": [0.9029238160969434, 0.7371906080515482, 0.6976829839857898, 0.6768690188459244, 0.6511477744711138, 0.6251993960450658, 0.6159881752415366, 0.5961260078581504, 0.5845654920226123, 0.578060520229498], "conv1_l2_norms": [0.13131380162349107, 0.16008317524256854, 0.1505017655928091, 0.13958692441459297, 0.1289913514032013, 0.11822534592938436, 0.10993541141057199, 0.10198904847707589, 0.09494244414262112, 0.08916542414433386], "conv2_l2_norms": [0.2853303673775273, 0.2125884897484385, 0.18351425644286762, 0.16411809096713403, 0.14845026985187065, 0.13441661686871956, 0.12430240126971168, 0.11488334572054892, 0.10634349383356317, 0.09958367901722254], "fc1_l2_norms": [0.6462688703525717, 0.4266825629554158, 0.3860469077659979, 0.36736726771873734, 0.35099718562575977, 0.33532668802065263, 0.3261386701762179, 0.3189034423425371, 0.31158837109778154, 0.3108253540292], "fc2_l2_norms": [0.6220088669106943, 0.5991905443560872, 0.5792543028978162, 0.5663709900141047, 0.546249844191928, 0.5252370455180821, 0.5201845808094832, 0.5010227516741632, 0.4921380508567307, 0.4850079562063471], "count_dead_neurons": [], "k": 2, "operation": "X", "control_points": [[0.5167590975761414, 0.43356209993362427], [0.4973334074020386, 0.41004443168640137], [0.9193550944328308, 0.6096861958503723], [0.5613484382629395, 0.6475276947021484]], "knots": [-5.010000228881836, -5.010000228881836, -1.6700000762939453, 1.6700000762939453, 5.010000228881836, 5.010000228881836], "min_knot": -5.01, "max_knot": 5.01, "cp_mode": "random", "cp_count": 4, "repeated_start_knots": 2, "repeated_end_knots": 2, "num_knots": 6, "free_knots": 2, "n": 3}