{"dataset": "MNIST", "batch_size": 128, "learning_rate": 0.01, "num_epochs": 5, "seed": 9859283, "activation": "B_SPLINE_X", "train_losses": [2.2522089450852447, 2.234864537395648, 2.2328234583075877, 2.2336304665628526, 2.2359856639081226], "test_losses": [2.234835344024851, 2.2316919610470154, 2.231274079672898, 2.232388481309142, 2.2350230096261714], "test_accuracies": [47.26, 36.13, 47.81, 28.72, 25.95], "train_times": [12.58, 10.55, 9.18, 12.54, 10.84], "l2_norms": [0.7019530659698549, 0.6243185099220288, 0.6019883339253888, 0.591826960699392, 0.5739989593337734], "count_dead_neurons": [], "k": 3, "operation": "X", "control_points": [[0.5167590975761414, 0.43356209993362427], [0.4973334074020386, 0.41004443168640137], [0.9193550944328308, 0.6096861958503723], [0.5613484382629395, 0.6475276947021484]], "knots": [-5.010000228881836, -5.010000228881836, -5.010000228881836, 0.0, 5.010000228881836, 5.010000228881836, 5.010000228881836], "min_knot": -5.01, "max_knot": 5.01, "cp_mode": "random", "cp_count": 4, "repeated_start_knots": 3, "repeated_end_knots": 3, "num_knots": 7, "free_knots": 1, "n": 3}