{"dataset": "MNIST", "batch_size": 128, "learning_rate": 0.01, "num_epochs": 5, "seed": 2934, "activation": "B_SPLINE_X", "train_losses": [1.9758422260345427, 1.7493341182594868, 1.5828340800840464, 1.4470635774547358, 1.3356893710744406], "test_losses": [1.833400699156749, 1.6440322218062002, 1.4889146300810803, 1.3673511230492894, 1.266841619075099], "test_accuracies": [67.33, 67.49, 72.07, 73.38, 74.59], "train_times": [9.22, 11.07, 9.69, 9.64, 11.24], "l2_norms": [0.8692070081608713, 0.6564439711954954, 0.6034145314986048, 0.5676619033376525, 0.5386329461324313], "count_dead_neurons": [], "k": 2, "operation": "X", "control_points": [[0.48105359077453613, 0.2059534192085266], [0.742104172706604, 0.056513845920562744], [0.2335154414176941, 0.6265234351158142], [0.4124048948287964, 0.7906419038772583]], "knots": [-5.010000228881836, -5.010000228881836, -1.6700000762939453, 1.6700000762939453, 5.010000228881836, 5.010000228881836], "min_knot": -5.01, "max_knot": 5.01, "cp_mode": "random", "cp_count": 4, "repeated_start_knots": 2, "repeated_end_knots": 2, "num_knots": 6, "free_knots": 2, "n": 3}