{"dataset": "MNIST", "batch_size": 128, "learning_rate": 0.01, "num_epochs": 5, "seed": 9859283, "activation": "B_SPLINE_X", "train_losses": [2.0625640336892754, 1.8834372814784426, 1.7471526451964876, 1.6275478207480425, 1.5227825722968908], "test_losses": [1.9499432240860373, 1.800172175033183, 1.6753305317480354, 1.5603258549412595, 1.4598357888716686], "test_accuracies": [55.96, 62.81, 62.94, 66.78, 67.84], "train_times": [9.01, 8.86, 8.85, 7.73, 9.13], "count_dead_neurons": [], "k": 2, "operation": "X", "control_points": [[0.5167590975761414, 0.43356209993362427], [0.4973334074020386, 0.41004443168640137], [0.9193550944328308, 0.6096861958503723], [0.5613484382629395, 0.6475276947021484]], "knots": [-11.868990898132324, -11.868990898132324, 47.21270751953125, 106.29441833496094, 165.37611389160156, 165.37611389160156], "min_knot": -11.868990669250488, "max_knot": 165.37611938476562, "cp_mode": "random", "cp_count": 4, "repeated_start_knots": 2, "repeated_end_knots": 2, "num_knots": 6, "free_knots": 2, "n": 3}