{"dataset": "MNIST", "batch_size": 128, "learning_rate": 0.01, "num_epochs": 5, "seed": 2934, "activation": "B_SPLINE_X", "train_losses": [2.2354447551881833, 2.2166124162897627, 2.209078688611354, 2.2007905979400504, 2.1919139066993045], "test_losses": [2.2181179040594947, 2.2108037592489507, 2.2021516938752765, 2.194794051254852, 2.18540586097331], "test_accuracies": [44.28, 32.89, 34.67, 34.11, 29.37], "train_times": [10.39, 10.85, 10.82, 10.05, 10.51], "count_dead_neurons": [], "k": 3, "operation": "X", "control_points": [[0.48105359077453613, 0.2059534192085266], [0.742104172706604, 0.056513845920562744], [0.2335154414176941, 0.6265234351158142], [0.4124048948287964, 0.7906419038772583]], "knots": [-80.51611328125, -80.51611328125, -80.51611328125, -29.687013626098633, 21.1420841217041, 21.1420841217041, 21.1420841217041], "min_knot": -80.51611114501954, "max_knot": 21.142083892822267, "cp_mode": "random", "cp_count": 4, "repeated_start_knots": 3, "repeated_end_knots": 3, "num_knots": 7, "free_knots": 1, "n": 3}