{"dataset": "MNIST", "batch_size": 128, "learning_rate": 0.01, "num_epochs": 10, "seed": 2934, "activation": "B_SPLINE_X", "train_losses": [2.2341583949416433, 2.2151490721875415, 2.2075525789118524, 2.199112325334854, 2.190200752286769, 2.1806435076666792, 2.170740063510724, 2.1607924722659306, 2.150461928930872, 2.139834488887014], "test_losses": [2.2167574635034875, 2.209156615824639, 2.20115686066543, 2.1920775522159626, 2.1826484988007366, 2.172624651389786, 2.162119222592704, 2.152049918717976, 2.1413460532321205, 2.1309626253345346], "test_accuracies": [38.25, 33.82, 33.94, 32.92, 32.6, 32.27, 34.23, 31.96, 31.12, 30.46], "train_times": [11.9, 10.49, 12.09, 11.94, 10.29, 12.34, 11.71, 10.26, 11.25, 10.28], "l2_norms": [0.5406206581568599, 0.4455534286130204, 0.42898665801479885, 0.41714334851093743, 0.41108972114915593, 0.4127911635767249, 0.40519463999091043, 0.413032913732108, 0.39751288908640836, 0.4005595126465562], "conv_l2_norms": [0.14706438583993328, 0.12308467440592015, 0.11016907588778865, 0.10253558197540102, 0.09690499973011187, 0.09327274527377163, 0.09044601117928071, 0.08813856075350872, 0.08605351677865081, 0.08454215199300272], "fc_l2_norms": [0.5193403065077706, 0.4273623185646945, 0.4138788325346356, 0.40363744286271347, 0.39879854321988223, 0.4015526394522386, 0.39438514336545544, 0.40292386966642074, 0.3874925853881702, 0.3909289758144802], "conv1_l2_norms": [0.0515637062174801, 0.0631661238817773, 0.06408262202583685, 0.06316690100078456, 0.061550351934767523, 0.06040168267211689, 0.05924765905455091, 0.058209189487014104, 0.05729320955987013, 0.05645292294469504], "conv2_l2_norms": [0.1371606787049327, 0.10555711259551702, 0.08958803831870767, 0.08075306342993684, 0.0748337494233595, 0.07105805493774534, 0.06831625486214789, 0.06615297072236474, 0.06418757516411668, 0.0629036114099425], "fc1_l2_norms": [0.30438312437942106, 0.16529554168150287, 0.13535208704992976, 0.12115517451018852, 0.11302175817268548, 0.10840367427632162, 0.10441015262323275, 0.10361337426911363, 0.09970458319312216, 0.09918358738444974], "fc2_l2_norms": [0.4146292543696331, 0.3932919622145796, 0.3906539579185183, 0.38458815547975894, 0.3820047413332675, 0.3862631255468263, 0.37992913784639554, 0.3889271363308088, 0.374017464464717, 0.37767955262669545], "count_dead_neurons": [], "k": 3, "operation": "X", "control_points": [[0.48105359077453613, 0.2059534192085266], [0.742104172706604, 0.056513845920562744], [0.2335154414176941, 0.6265234351158142], [0.4124048948287964, 0.7906419038772583]], "knots": [-5.010000228881836, -5.010000228881836, -5.010000228881836, 0.0, 5.010000228881836, 5.010000228881836, 5.010000228881836], "min_knot": -5.01, "max_knot": 5.01, "cp_mode": "random", "cp_count": 4, "repeated_start_knots": 3, "repeated_end_knots": 3, "num_knots": 7, "free_knots": 1, "n": 3}