{"dataset": "MNIST", "batch_size": 128, "learning_rate": 0.01, "num_epochs": 10, "seed": 9859283, "activation": "B_SPLINE_X", "train_losses": [2.2522089450852447, 2.234864537395648, 2.2328234583075877, 2.2336304665628526, 2.2359856639081226, 2.2382982407551584, 2.241160889932596, 2.243893192775214, 2.24684119580397, 2.2495820908658284], "test_losses": [2.234835344024851, 2.2316919610470154, 2.231274079672898, 2.232388481309142, 2.2350230096261714, 2.238424123088016, 2.240501162372058, 2.244115935096258, 2.247287487681908, 2.250202667864063], "test_accuracies": [47.26, 36.13, 47.81, 28.72, 25.95, 26.07, 20.53, 22.36, 31.22, 28.82], "train_times": [12.09, 11.25, 10.98, 11.52, 11.03, 12.82, 12.49, 13.98, 15.19, 12.81], "l2_norms": [0.7019530659698549, 0.6243185099220288, 0.6019883339253888, 0.591826960699392, 0.5739989593337734, 0.5588912666212449, 0.5583143851595984, 0.5466823466092409, 0.5424058434375838, 0.5402372438829489], "conv_l2_norms": [0.13765633177473952, 0.11287872286070974, 0.09883952946516646, 0.08840775062498944, 0.07920062308967622, 0.07171358369503149, 0.06541917312728847, 0.06005105598591698, 0.05499304814185027, 0.05101560173020792], "fc_l2_norms": [0.6877935575052578, 0.613364991353037, 0.5932129885121273, 0.5846889564097906, 0.5680720191367429, 0.5538070412942626, 0.5540754155636087, 0.5429211244722966, 0.5391923437502991, 0.5374526133176509], "conv1_l2_norms": [0.04518392220504814, 0.058816082636681366, 0.05825129084503359, 0.05507077407115778, 0.05087642776072501, 0.04693414152044989, 0.04325497701506029, 0.03994253657641947, 0.03684340670390416, 0.034320846384876764], "conv2_l2_norms": [0.1292330320459128, 0.09625866463784362, 0.07982019378215474, 0.0691401399480133, 0.060685175591353245, 0.05421355918262261, 0.04906703487204154, 0.044819713878566, 0.0408093676865692, 0.037724851538407475], "fc1_l2_norms": [0.3111883399614732, 0.18051156071714386, 0.14519752106235984, 0.12494532166258557, 0.10792415384677662, 0.09519399462814605, 0.08654972065077592, 0.07954050038221072, 0.07159414940860387, 0.0660564258132829], "fc2_l2_norms": [0.6096796392715389, 0.585723042991289, 0.5748558982055035, 0.5709007390611254, 0.5574721191035082, 0.5452609721647715, 0.5470277858509999, 0.5367927242096016, 0.534173278359939, 0.5331480378524238], "count_dead_neurons": [], "k": 3, "operation": "X", "control_points": [[0.5167590975761414, 0.43356209993362427], [0.4973334074020386, 0.41004443168640137], [0.9193550944328308, 0.6096861958503723], [0.5613484382629395, 0.6475276947021484]], "knots": [-5.010000228881836, -5.010000228881836, -5.010000228881836, 0.0, 5.010000228881836, 5.010000228881836, 5.010000228881836], "min_knot": -5.01, "max_knot": 5.01, "cp_mode": "random", "cp_count": 4, "repeated_start_knots": 3, "repeated_end_knots": 3, "num_knots": 7, "free_knots": 1, "n": 3}