{"dataset": "MNIST", "batch_size": 128, "learning_rate": 0.01, "num_epochs": 10, "seed": 9859283, "activation": "B_SPLINE_Y", "train_losses": [2.2634377250793394, 2.166567399811897, 2.1193899371222393, 2.0817914507282316, 2.0458048882006583, 2.0124214531770392, 1.9796650567288592, 1.948786715708816, 1.91881596381222, 1.8895999114396476], "test_losses": [2.208424106428895, 2.135934959484052, 2.096615688710273, 2.0582302159900907, 2.023616393910179, 1.9904647944848748, 1.9569073387339144, 1.926380131818071, 1.8971764935722835, 1.8683345559277111], "test_accuracies": [53.79, 52.74, 54.01, 48.86, 49.35, 48.08, 50.07, 46.4, 54.22, 49.41], "train_times": [11.61, 13.37, 12.58, 12.42, 12.47, 12.0, 11.91, 12.92, 12.35, 12.6], "l2_norms": [0.5604686161778291, 0.5657168607071, 0.5350402933199593, 0.5278908279337766, 0.5157838126782334, 0.5059024100349554, 0.5070579709083761, 0.4980800607194832, 0.4967068481606887, 0.49564113296519896], "conv_l2_norms": [0.09977444936171567, 0.1389295745142444, 0.1333981274475756, 0.12936001157398178, 0.1251293345654988, 0.12181877619061834, 0.11882169493295457, 0.11616351312774356, 0.1127567261571577, 0.11001562610653723], "fc_l2_norms": [0.5509924401063968, 0.547677243956909, 0.5173690155864952, 0.5109900431570472, 0.49964035672374135, 0.49011301011545794, 0.4922053738814321, 0.48354010109337187, 0.4829804130089019, 0.48259654011806424], "conv1_l2_norms": [0.026755777802563427, 0.06400181321682197, 0.0752763805346513, 0.07930393186224287, 0.07961199472256512, 0.07925852658777306, 0.07834468703194784, 0.07731062293855127, 0.0756031348085023, 0.07420094968399403], "conv2_l2_norms": [0.0958441608158845, 0.1231007711212054, 0.11006000538938568, 0.10216211160631172, 0.09651473086087757, 0.0924926365838479, 0.08930371847820477, 0.08667409857024402, 0.08362976544093803, 0.08120545217094358], "fc1_l2_norms": [0.24272848408599987, 0.22622692245330003, 0.1763351684286995, 0.15722213597308346, 0.144821954600365, 0.1373662399005924, 0.13299560644624256, 0.129844235978027, 0.12657868810384632, 0.12492486678054704], "fc2_l2_norms": [0.4941828731675446, 0.49793163985502337, 0.4858212484988975, 0.4857458951951948, 0.47779974183825724, 0.4699477936773194, 0.4734949195619482, 0.46533109827951374, 0.46568614790122626, 0.4657402356595155], "count_dead_neurons": [], "k": 3, "operation": "Y", "control_points": [[0.5167590975761414, 0.43356209993362427], [0.4973334074020386, 0.41004443168640137], [0.9193550944328308, 0.6096861958503723], [0.5613484382629395, 0.6475276947021484]], "knots": [-5.010000228881836, -5.010000228881836, -5.010000228881836, 0.0, 5.010000228881836, 5.010000228881836, 5.010000228881836], "min_knot": -5.01, "max_knot": 5.01, "cp_mode": "random", "cp_count": 4, "repeated_start_knots": 3, "repeated_end_knots": 3, "num_knots": 7, "free_knots": 1, "n": 3}