{"dataset": "MNIST", "batch_size": 128, "learning_rate": 0.01, "num_epochs": 5, "seed": 9859283, "activation": "B_SPLINE_Y", "train_losses": [2.200987025872985, 2.035318722857087, 1.924419472975009, 1.824438228536008, 1.733022664909932], "test_losses": [2.0963033151022996, 1.9716806638089917, 1.8649061631552781, 1.7700656531732293, 1.6818701300439955], "test_accuracies": [62.87, 63.5, 66.82, 66.66, 67.08], "train_times": [8.94, 9.09, 10.97, 9.12, 8.54], "l2_norms": [0.6337030082824505, 0.6186547826715708, 0.5952046346761551, 0.5825168128930662, 0.5645102603500535], "count_dead_neurons": [], "k": 2, "operation": "Y", "control_points": [[0.5167590975761414, 0.43356209993362427], [0.4973334074020386, 0.41004443168640137], [0.9193550944328308, 0.6096861958503723], [0.5613484382629395, 0.6475276947021484]], "knots": [-5.010000228881836, -5.010000228881836, -1.6700000762939453, 1.6700000762939453, 5.010000228881836, 5.010000228881836], "min_knot": -5.01, "max_knot": 5.01, "cp_mode": "random", "cp_count": 4, "repeated_start_knots": 2, "repeated_end_knots": 2, "num_knots": 6, "free_knots": 2, "n": 3}