{
    "dataset": "MNIST",
    "batch_size": 128,
    "learning_rate": 0.01,
    "num_epochs": 5,
    "seed": 2934,
    "activation": "B_SPLINE_Y",
    "train_losses": [
        1.7369347874289636,
        1.3129087734832439,
        1.0866796239606862,
        0.939109018489496,
        0.8377502687704335
    ],
    "test_losses": [
        1.4473415085032015,
        1.1603070195717147,
        0.980762048612667,
        0.8608117858065835,
        0.7736140844188159
    ],
    "test_accuracies": [
        77.8,
        78.54,
        81.81,
        83.03,
        83.85
    ],
    "train_times": [
        8.37,
        8.56,
        7.82,
        8.7,
        8.55
    ],
    "count_dead_neurons": [],
    "k": 2,
    "operation": "Y",
    "control_points": [
        [
            0.48105359077453613,
            0.2059534192085266
        ],
        [
            0.742104172706604,
            0.056513845920562744
        ],
        [
            0.2335154414176941,
            0.6265234351158142
        ],
        [
            0.4124048948287964,
            0.7906419038772583
        ]
    ],
    "knots": [
        -94.24195861816406,
        -94.24195861816406,
        -52.14791488647461,
        -10.053863525390625,
        32.04018020629883,
        32.04018020629883
    ],
    "min_knot": -94.2419564819336,
    "max_knot": 32.04018188476562,
    "cp_mode": "random",
    "cp_count": 4,
    "repeated_start_knots": 2,
    "repeated_end_knots": 2,
    "num_knots": 6,
    "free_knots": 2,
    "n": 3
}