{"dataset": "MNIST", "batch_size": 128, "learning_rate": 0.01, "num_epochs": 10, "seed": 2934, "activation": "B_SPLINE_Y", "train_losses": [1.733116742644483, 1.3121612641348768, 1.0855296316431529, 0.9352654103022903, 0.8323840910691951, 0.7558273770915929, 0.6991941017636867, 0.6546272371115207, 0.619390555409226, 0.5913330014072248], "test_losses": [1.447466652604598, 1.1609671885454202, 0.9791390526143811, 0.8559400401537931, 0.7680930438675458, 0.7023791591577893, 0.6504376508012603, 0.6123929434939276, 0.5799221426625795, 0.5553426080489461], "test_accuracies": [77.55, 78.64, 81.92, 83.07, 83.94, 84.94, 85.54, 86.17, 86.81, 87.09], "train_times": [9.79, 9.91, 10.24, 8.22, 10.03, 10.11, 8.18, 9.89, 9.78, 8.04], "l2_norms": [0.9943630295101071, 0.6908095555239475, 0.586678349196651, 0.5209452126679521, 0.4799955165524114, 0.45748219910252513, 0.4361321022485741, 0.4186330819828276, 0.40122256465466055, 0.3898107970755838], "conv_l2_norms": [0.39821255176463566, 0.290674310008724, 0.22587462696436822, 0.18407970203906954, 0.15569848553734625, 0.134712325981854, 0.12190723127685177, 0.10908263875007912, 0.10001012005478432, 0.0931012826603922], "fc_l2_norms": [0.9086328304045889, 0.6248892474149313, 0.5398367865822676, 0.48608496034572585, 0.45283928069031515, 0.43613425057012134, 0.41791599828957715, 0.403476337488798, 0.3879790348607355, 0.37795832725598505], "conv1_l2_norms": [0.17669294706465585, 0.17773805700348264, 0.14471045442967145, 0.11924753352555063, 0.10082509747688823, 0.08618749462067439, 0.07718904649018504, 0.06830377751412667, 0.062065658055114874, 0.057214359119501866], "conv2_l2_norms": [0.3537175464903586, 0.2298715035827628, 0.17331712502637517, 0.14012271432913204, 0.11848079242636173, 0.10329639523260471, 0.09409534298018929, 0.08478854825293482, 0.0781523846693865, 0.07317829850537691], "fc1_l2_norms": [0.7879705437664605, 0.48750358819268735, 0.4168970177344184, 0.37742450187013654, 0.35561523881261475, 0.3452033555184651, 0.33475801855370946, 0.32487440242338056, 0.31520205448204697, 0.3086817553694625], "fc2_l2_norms": [0.43969888809751556, 0.389792896232547, 0.3416187484322615, 0.3048909667093451, 0.27885408297625836, 0.26476495180865345, 0.24835819534582454, 0.23732655068237388, 0.22450327139383086, 0.21624373663520124], "count_dead_neurons": [], "k": 2, "operation": "Y", "control_points": [[0.48105359077453613, 0.2059534192085266], [0.742104172706604, 0.056513845920562744], [0.2335154414176941, 0.6265234351158142], [0.4124048948287964, 0.7906419038772583]], "knots": [-5.010000228881836, -5.010000228881836, -1.6700000762939453, 1.6700000762939453, 5.010000228881836, 5.010000228881836], "min_knot": -5.01, "max_knot": 5.01, "cp_mode": "random", "cp_count": 4, "repeated_start_knots": 2, "repeated_end_knots": 2, "num_knots": 6, "free_knots": 2, "n": 3}