{
    "dataset": "MNIST",
    "batch_size": 128,
    "learning_rate": 0.01,
    "num_epochs": 5,
    "seed": 2934,
    "activation": "B_SPLINE_Y",
    "train_losses": [
        2.0637829199528643,
        1.853145441012596,
        1.7445979870712833,
        1.6646623186973621,
        1.6006619696423952
    ],
    "test_losses": [
        1.9153272502029999,
        1.7748517024366162,
        1.682289810120305,
        1.611012258107149,
        1.5506743479378615
    ],
    "test_accuracies": [
        61.62,
        60.85,
        64.15,
        64.03,
        64.32
    ],
    "train_times": [
        9.59,
        10.72,
        10.41,
        9.81,
        10.78
    ],
    "count_dead_neurons": [],
    "k": 3,
    "operation": "Y",
    "control_points": [
        [
            0.48105359077453613,
            0.2059534192085266
        ],
        [
            0.742104172706604,
            0.056513845920562744
        ],
        [
            0.2335154414176941,
            0.6265234351158142
        ],
        [
            0.4124048948287964,
            0.7906419038772583
        ]
    ],
    "knots": [
        -69.21989440917969,
        -69.21989440917969,
        -69.21989440917969,
        21.918495178222656,
        113.056884765625,
        113.056884765625,
        113.056884765625
    ],
    "min_knot": -69.21989227294922,
    "max_knot": 113.05688262939454,
    "cp_mode": "random",
    "cp_count": 4,
    "repeated_start_knots": 3,
    "repeated_end_knots": 3,
    "num_knots": 7,
    "free_knots": 1,
    "n": 3
}