{"dataset": "MNIST", "batch_size": 128, "learning_rate": 0.01, "num_epochs": 10, "seed": 2934, "activation": "B_SPLINE_Y", "train_losses": [2.060640104543934, 1.8526850349104989, 1.7456462228221934, 1.6666710615666436, 1.603309924414417, 1.5480206780342152, 1.503091237946614, 1.4635546098131615, 1.429235130230755, 1.3911022718018815], "test_losses": [1.9107514453839651, 1.7761091024060793, 1.6830381351181223, 1.6124154721634298, 1.5544165418117861, 1.501776618293569, 1.456488414655758, 1.4181169754342189, 1.3826301867448831, 1.350844309299807], "test_accuracies": [63.35, 61.25, 64.34, 64.66, 65.38, 66.51, 67.62, 67.53, 68.53, 69.38], "train_times": [10.56, 11.65, 11.62, 9.4, 11.73, 11.7, 9.22, 11.72, 11.67, 10.52], "l2_norms": [0.7144600704256278, 0.5311643935846896, 0.4714546401723009, 0.4366127264970324, 0.41275420840394184, 0.396929771072837, 0.3792696290380625, 0.3711645781385307, 0.35239465632990064, 0.34518084210101474], "conv_l2_norms": [0.2733962566144569, 0.2247138336032532, 0.20557040788062997, 0.19456840460605002, 0.18443421517825395, 0.17457439124776616, 0.1665472815688122, 0.15945872522180787, 0.15254578491527626, 0.14555965179283692], "fc_l2_norms": [0.6579497615351797, 0.4801878235646539, 0.42328805653833135, 0.3897354887315757, 0.36808183950484624, 0.3553328087935538, 0.3395748669682265, 0.3339953841463188, 0.3165028536716216, 0.31178312155667276], "conv1_l2_norms": [0.11224198417637586, 0.13219104802001255, 0.1317141578368189, 0.1290637190881863, 0.1245228649365037, 0.11909699526793217, 0.11424769732850915, 0.10986559695306922, 0.10545311106719903, 0.1008529157273339], "conv2_l2_norms": [0.24752691940890628, 0.18159164570467784, 0.15780383089385452, 0.1455905683814038, 0.13604538302317015, 0.12763673633452793, 0.12117997070809387, 0.11556801852287936, 0.11022312680098383, 0.10495570955001614], "fc1_l2_norms": [0.4815635121587579, 0.28530675509187337, 0.2393884657419095, 0.214385112056034, 0.19858123044404452, 0.18551069754878063, 0.17614362566074865, 0.16976996155958846, 0.1614232072592232, 0.15610741407007453], "fc2_l2_norms": [0.43791099515827503, 0.3851659129475699, 0.3480243510111142, 0.32442498773362155, 0.3088544159900439, 0.30199520913936856, 0.2893339150938584, 0.28661960543488546, 0.27128923291307994, 0.2688561981651993], "count_dead_neurons": [], "k": 3, "operation": "Y", "control_points": [[0.48105359077453613, 0.2059534192085266], [0.742104172706604, 0.056513845920562744], [0.2335154414176941, 0.6265234351158142], [0.4124048948287964, 0.7906419038772583]], "knots": [-5.010000228881836, -5.010000228881836, -5.010000228881836, 0.0, 5.010000228881836, 5.010000228881836, 5.010000228881836], "min_knot": -5.01, "max_knot": 5.01, "cp_mode": "random", "cp_count": 4, "repeated_start_knots": 3, "repeated_end_knots": 3, "num_knots": 7, "free_knots": 1, "n": 3}