{"dataset": "MNIST", "batch_size": 128, "learning_rate": 0.01, "num_epochs": 10, "seed": 1234, "activation": "B_SPLINE_Y", "train_losses": [2.289690203758191, 2.2930945023290636, 2.295226105748972, 2.296255729854234, 2.296927113522853, 2.2972389177472863, 2.2974695483250405, 2.2975417047675486, 2.2978565723402924, 2.297769382310066], "test_losses": [2.2905747769754146, 2.293861881087098, 2.29556390907191, 2.296336647830432, 2.2966891964779625, 2.2974130081225046, 2.2973816213728506, 2.2981009151362164, 2.2971964636935462, 2.2984422550925725], "test_accuracies": [11.35, 11.35, 11.35, 11.35, 11.35, 11.35, 11.35, 10.28, 11.35, 11.12], "train_times": [14.74, 12.95, 15.19, 14.02, 16.2, 13.25, 15.65, 13.69, 15.68, 14.55], "l2_norms": [0.4533101472806356, 0.38864150317093, 0.3858684276554021, 0.38264401822382793, 0.3811017732145981, 0.3761710970125329, 0.3790534335875306, 0.3803855681703213, 0.3816820676353719, 0.38057187183551994], "conv_l2_norms": [0.05879883463221711, 0.03146617611958277, 0.024797017878696367, 0.02188265864195924, 0.019853825216725143, 0.018329804382210903, 0.018180149528426105, 0.01726757538759203, 0.016644666419303015, 0.01691212864016479], "fc_l2_norms": [0.4491581904810162, 0.3872064587263608, 0.38493867232556855, 0.38187700940295094, 0.3804696330065122, 0.3756149521027333, 0.37851065144982665, 0.3798906266336096, 0.38122868956987, 0.3800976765754209], "conv1_l2_norms": [0.014132287918419438, 0.010340107929732638, 0.009165720808401365, 0.00879321268559034, 0.008516537997911956, 0.008254754674125387, 0.008583954920877117, 0.008464560634676968, 0.008399975703216022, 0.008827391714173231], "conv2_l2_norms": [0.057014139599781015, 0.029714783264703393, 0.023038570233847908, 0.02003501530130606, 0.017929661019476167, 0.016359757784265922, 0.016017505400616836, 0.015038964443736614, 0.014356838531255814, 0.014407690527420707], "fc1_l2_norms": [0.15176311549409716, 0.0497300537381146, 0.03358116262873402, 0.027300792579883024, 0.02326502132237032, 0.020684116859247356, 0.019681834040142173, 0.01814599154036856, 0.017018436556997054, 0.016735783422267603], "fc2_l2_norms": [0.41708196831575206, 0.38375648700256026, 0.3833335346504269, 0.3807637941975296, 0.3796500027499795, 0.37494530929776393, 0.3779029492177316, 0.3793666933413772, 0.38076943228047294, 0.3796431234185508], "count_dead_neurons": [], "k": 3, "operation": "Y", "control_points": [[0.028979241847991943, 0.4018985629081726], [0.25984418392181396, 0.3666413426399231], [0.05830073356628418, 0.7006447315216064], [0.05179738998413086, 0.4681392312049866]], "knots": [-5.010000228881836, -5.010000228881836, -5.010000228881836, 0.0, 5.010000228881836, 5.010000228881836, 5.010000228881836], "min_knot": -5.01, "max_knot": 5.01, "cp_mode": "random", "cp_count": 4, "repeated_start_knots": 3, "repeated_end_knots": 3, "num_knots": 7, "free_knots": 1, "n": 3}