{"dataset": "MNIST", "batch_size": 128, "learning_rate": 0.01, "num_epochs": 5, "seed": 1234, "activation": "B_SPLINE_Y", "train_losses": [2.176928772855161, 2.1107766216497685, 2.0632923282285742, 2.0151827015093904, 1.9678940834012875], "test_losses": [2.1297189766847633, 2.0798759913142724, 2.0352261926554425, 1.9815708383729187, 1.9338905373706092], "test_accuracies": [61.82, 47.9, 45.27, 51.97, 51.67], "train_times": [8.39, 8.37, 7.29, 9.02, 9.08], "count_dead_neurons": [], "k": 2, "operation": "Y", "control_points": [[0.028979241847991943, 0.4018985629081726], [0.25984418392181396, 0.3666413426399231], [0.05830073356628418, 0.7006447315216064], [0.05179738998413086, 0.4681392312049866]], "knots": [-9.062267303466797, -9.062267303466797, 38.94842529296875, 86.9591064453125, 134.9698028564453, 134.9698028564453], "min_knot": -9.06226707458496, "max_knot": 134.96980834960937, "cp_mode": "random", "cp_count": 4, "repeated_start_knots": 2, "repeated_end_knots": 2, "num_knots": 6, "free_knots": 2, "n": 3}