{"dataset": "MNIST", "batch_size": 128, "learning_rate": 0.01, "num_epochs": 5, "seed": 1234, "activation": "B_SPLINE_Y", "train_losses": [2.289926991533877, 2.2932410504518033, 2.295323029255816, 2.296540959811668, 2.29713695796568], "test_losses": [2.2911434173583984, 2.2943698424327224, 2.2967916832694524, 2.296416288689722, 2.2968941519532025], "test_accuracies": [11.35, 11.35, 18.45, 11.35, 11.35], "train_times": [10.45, 10.77, 9.59, 10.43, 10.22], "count_dead_neurons": [], "k": 3, "operation": "Y", "control_points": [[0.028979241847991943, 0.4018985629081726], [0.25984418392181396, 0.3666413426399231], [0.05830073356628418, 0.7006447315216064], [0.05179738998413086, 0.4681392312049866]], "knots": [-1.836789608001709, -1.836789608001709, -1.836789608001709, 10.3519287109375, 22.540647506713867, 22.540647506713867, 22.540647506713867], "min_knot": -1.8367896175384522, "max_knot": 22.540647277832033, "cp_mode": "random", "cp_count": 4, "repeated_start_knots": 3, "repeated_end_knots": 3, "num_knots": 7, "free_knots": 1, "n": 3}