{"dataset": "MNIST", "batch_size": 128, "learning_rate": 0.01, "num_epochs": 10, "seed": 9859283, "activation": "B_SPLINE_Y", "train_losses": [2.200987025872985, 2.035318722857087, 1.924419472975009, 1.824438228536008, 1.733022664909932, 1.6506880653946638, 1.576113251989076, 1.509691133173798, 1.4495859512133893, 1.3943748557999698], "test_losses": [2.0963033151022996, 1.9716806638089917, 1.8649061631552781, 1.7700656531732293, 1.6818701300439955, 1.602912901323053, 1.5317750309087053, 1.4686425863942014, 1.4112671809860422, 1.3582919262632538], "test_accuracies": [62.87, 63.5, 66.82, 66.66, 67.08, 69.95, 72.2, 72.14, 75.28, 73.68], "train_times": [11.53, 10.29, 12.13, 12.35, 11.11, 11.13, 11.74, 11.26, 11.71, 11.52], "l2_norms": [0.6337030082824505, 0.6186547826715708, 0.5952046346761551, 0.5825168128930662, 0.5645102603500535, 0.5442914666886991, 0.5383112138590549, 0.5224454126213656, 0.5159346083477878, 0.5064930899234703], "conv_l2_norms": [0.15710296852683847, 0.15800754881052528, 0.1613352977817151, 0.16008754242721937, 0.154814540234111, 0.14903014657554334, 0.14525817959109388, 0.1407324868694664, 0.13566880183995902, 0.13030451527072068], "fc_l2_norms": [0.6132312776567892, 0.5974485114220187, 0.5718028738230134, 0.5586268390832634, 0.5413616007496077, 0.5217231019134868, 0.5166601291961639, 0.501590614267917, 0.4960258740776069, 0.48784377797771167], "conv1_l2_norms": [0.04938221943129306, 0.07458516320743622, 0.08755101307946503, 0.09252161858671704, 0.0917554740247589, 0.09113592932273593, 0.08984533486567334, 0.08764131852436985, 0.08443941599882882, 0.0818577836187985], "conv2_l2_norms": [0.14857457142617841, 0.13905530524170054, 0.13523795523408547, 0.13031402548439608, 0.12431913780001808, 0.11755737780251344, 0.1137775144319608, 0.10972442682516109, 0.10577491565740348, 0.10100792516943308], "fc1_l2_norms": [0.387350189737515, 0.35497280414332383, 0.32509633727839143, 0.3103473562631811, 0.29953586271311095, 0.28395269367488724, 0.2792458690968061, 0.2732350436667341, 0.2709483086058875, 0.26537367166896175], "fc2_l2_norms": [0.47427841173869867, 0.47751773078852133, 0.4669362645776671, 0.46103844450833026, 0.4479799024095999, 0.4346416439813019, 0.4316777424335892, 0.4178571926993982, 0.4124545139221408, 0.4065947870460425], "count_dead_neurons": [], "k": 2, "operation": "Y", "control_points": [[0.5167590975761414, 0.43356209993362427], [0.4973334074020386, 0.41004443168640137], [0.9193550944328308, 0.6096861958503723], [0.5613484382629395, 0.6475276947021484]], "knots": [-5.010000228881836, -5.010000228881836, -1.6700000762939453, 1.6700000762939453, 5.010000228881836, 5.010000228881836], "min_knot": -5.01, "max_knot": 5.01, "cp_mode": "random", "cp_count": 4, "repeated_start_knots": 2, "repeated_end_knots": 2, "num_knots": 6, "free_knots": 2, "n": 3}