{"dataset": "MNIST", "batch_size": 128, "learning_rate": 0.01, "num_epochs": 5, "seed": 2934, "activation": "B_SPLINE_Y", "train_losses": [2.060640104543934, 1.8526850349104989, 1.7456462228221934, 1.6666710615666436, 1.603309924414417], "test_losses": [1.9107514453839651, 1.7761091024060793, 1.6830381351181223, 1.6124154721634298, 1.5544165418117861], "test_accuracies": [63.35, 61.25, 64.34, 64.66, 65.38], "train_times": [10.3, 9.86, 11.79, 9.92, 9.99], "l2_norms": [0.7144600704256278, 0.5311643935846896, 0.4714546401723009, 0.4366127264970324, 0.41275420840394184], "count_dead_neurons": [], "k": 3, "operation": "Y", "control_points": [[0.48105359077453613, 0.2059534192085266], [0.742104172706604, 0.056513845920562744], [0.2335154414176941, 0.6265234351158142], [0.4124048948287964, 0.7906419038772583]], "knots": [-5.010000228881836, -5.010000228881836, -5.010000228881836, 0.0, 5.010000228881836, 5.010000228881836, 5.010000228881836], "min_knot": -5.01, "max_knot": 5.01, "cp_mode": "random", "cp_count": 4, "repeated_start_knots": 3, "repeated_end_knots": 3, "num_knots": 7, "free_knots": 1, "n": 3}