{"dataset": "MNIST", "batch_size": 128, "learning_rate": 0.01, "num_epochs": 5, "seed": 9859283, "activation": "B_SPLINE_Y", "train_losses": [2.2634544769075635, 2.1666155664651376, 2.1191452779749564, 2.0818488796128394, 2.0461358502983793], "test_losses": [2.207675070702275, 2.1355075111872033, 2.097195145450061, 2.0598965641818467, 2.023797232893449], "test_accuracies": [34.52, 46.66, 40.89, 49.98, 50.55], "train_times": [11.01, 9.75, 10.72, 10.95, 10.26], "count_dead_neurons": [], "k": 3, "operation": "Y", "control_points": [[0.5167590975761414, 0.43356209993362427], [0.4973334074020386, 0.41004443168640137], [0.9193550944328308, 0.6096861958503723], [0.5613484382629395, 0.6475276947021484]], "knots": [-8.702773094177246, -8.702773094177246, -8.702773094177246, 5.376993179321289, 19.456758499145508, 19.456758499145508, 19.456758499145508], "min_knot": -8.70277286529541, "max_knot": 19.456758270263673, "cp_mode": "random", "cp_count": 4, "repeated_start_knots": 3, "repeated_end_knots": 3, "num_knots": 7, "free_knots": 1, "n": 3}