{"dataset": "MNIST", "batch_size": 128, "learning_rate": 0.01, "num_epochs": 5, "seed": 9859283, "activation": "B_SPLINE_Y", "train_losses": [2.2634377250793394, 2.166567399811897, 2.1193899371222393, 2.0817914507282316, 2.0458048882006583], "test_losses": [2.208424106428895, 2.135934959484052, 2.096615688710273, 2.0582302159900907, 2.023616393910179], "test_accuracies": [53.79, 52.74, 54.01, 48.86, 49.35], "train_times": [10.71, 9.05, 11.11, 13.1, 10.98], "l2_norms": [0.5604686161778291, 0.5657168607071, 0.5350402933199593, 0.5278908279337766, 0.5157838126782334], "count_dead_neurons": [], "k": 3, "operation": "Y", "control_points": [[0.5167590975761414, 0.43356209993362427], [0.4973334074020386, 0.41004443168640137], [0.9193550944328308, 0.6096861958503723], [0.5613484382629395, 0.6475276947021484]], "knots": [-5.010000228881836, -5.010000228881836, -5.010000228881836, 0.0, 5.010000228881836, 5.010000228881836, 5.010000228881836], "min_knot": -5.01, "max_knot": 5.01, "cp_mode": "random", "cp_count": 4, "repeated_start_knots": 3, "repeated_end_knots": 3, "num_knots": 7, "free_knots": 1, "n": 3}