{
    "dataset": "MNIST",
    "batch_size": 128,
    "learning_rate": 0.01,
    "num_epochs": 5,
    "seed": 2934,
    "activation": "B_SPLINE_Y",
    "train_losses": [
        1.733116742644483,
        1.3121612641348768,
        1.0855296316431529,
        0.9352654103022903,
        0.8323840910691951
    ],
    "test_losses": [
        1.447466652604598,
        1.1609671885454202,
        0.9791390526143811,
        0.8559400401537931,
        0.7680930438675458
    ],
    "test_accuracies": [
        77.55,
        78.64,
        81.92,
        83.07,
        83.94
    ],
    "train_times": [
        10.95,
        9.57,
        8.33,
        8.73,
        10.31
    ],
    "l2_norms": [
        0.9943630295101071,
        0.6908095555239475,
        0.586678349196651,
        0.5209452126679521,
        0.4799955165524114
    ],
    "count_dead_neurons": [],
    "k": 2,
    "operation": "Y",
    "control_points": [
        [
            0.48105359077453613,
            0.2059534192085266
        ],
        [
            0.742104172706604,
            0.056513845920562744
        ],
        [
            0.2335154414176941,
            0.6265234351158142
        ],
        [
            0.4124048948287964,
            0.7906419038772583
        ]
    ],
    "knots": [
        -5.010000228881836,
        -5.010000228881836,
        -1.6700000762939453,
        1.6700000762939453,
        5.010000228881836,
        5.010000228881836
    ],
    "min_knot": -5.01,
    "max_knot": 5.01,
    "cp_mode": "random",
    "cp_count": 4,
    "repeated_start_knots": 2,
    "repeated_end_knots": 2,
    "num_knots": 6,
    "free_knots": 2,
    "n": 3
}