{"dataset": "MNIST", "batch_size": 128, "learning_rate": 0.01, "num_epochs": 5, "seed": 9859283, "activation": "B_SPLINE_Y", "train_losses": [2.2007239668099863, 2.035355638593499, 1.9250367142752545, 1.8260161947848192, 1.7351902026865782], "test_losses": [2.0954084215284903, 1.972232949884632, 1.8675105783003796, 1.7726456243780595, 1.683962769146207], "test_accuracies": [53.43, 64.68, 62.93, 68.91, 68.77], "train_times": [8.81, 8.8, 8.2, 8.93, 9.1], "count_dead_neurons": [], "k": 2, "operation": "Y", "control_points": [[0.5167590975761414, 0.43356209993362427], [0.4973334074020386, 0.41004443168640137], [0.9193550944328308, 0.6096861958503723], [0.5613484382629395, 0.6475276947021484]], "knots": [-5.3145012855529785, -5.3145012855529785, 4.180652141571045, 13.675806045532227, 23.17095947265625, 23.17095947265625], "min_knot": -5.314501056671142, "max_knot": 23.170959243774416, "cp_mode": "random", "cp_count": 4, "repeated_start_knots": 2, "repeated_end_knots": 2, "num_knots": 6, "free_knots": 2, "n": 3}