{"dataset": "MNIST", "batch_size": 128, "learning_rate": 0.01, "num_epochs": 10, "seed": 2934, "activation": "LEAKY_RELU", "train_losses": [1.263533882240751, 0.32331547544582057, 0.22377116951162118, 0.16950465481418536, 0.1367883140614419, 0.11483609433303764, 0.09960830672733438, 0.0888435151070547, 0.08029993670359095, 0.0737421360256067], "test_losses": [0.4263237823225275, 0.25047580878945847, 0.18419861035492224, 0.13745162803443928, 0.1138570015613414, 0.10334885014291806, 0.08324232426931776, 0.0770718884400882, 0.06832223027926881, 0.06509348197362703], "test_accuracies": [87.95, 92.46, 94.95, 95.8, 96.48, 96.77, 97.54, 97.7, 97.95, 97.99], "train_times": [7.11, 6.95, 6.95, 6.91, 5.27, 6.78, 6.87, 6.81, 6.8, 5.12], "l2_norms": [1.5794577587058127, 2.103724270923982, 1.86439631709747, 1.6283557483918547, 1.5356342405007453, 1.4417348857263688, 1.3849226585739949, 1.3228468030469127, 1.276246799298542, 1.2486142164483596], "conv_l2_norms": [0.4551776171319454, 0.3644328766390885, 0.36072468283464915, 0.346545099014106, 0.35232695363739347, 0.35318076835736845, 0.34955506056951446, 0.35008097231317986, 0.342450439641775, 0.3382821236893748], "fc_l2_norms": [1.5017948007093753, 2.070645117386382, 1.8276029605669064, 1.5891502478235549, 1.4925523696935665, 1.3957005863690317, 1.3379549460056002, 1.2731292063547577, 1.2268473293576905, 1.199532932543313], "conv1_l2_norms": [0.16264602058864008, 0.10388783776373277, 0.09190759623029629, 0.08593137483521639, 0.08523947515882446, 0.08511591278483867, 0.0854267271024699, 0.08697675989657638, 0.0866174320040551, 0.08585070735276097], "conv2_l2_norms": [0.423483527842604, 0.348895433213945, 0.3485328275392383, 0.335532556135883, 0.34172616519321786, 0.34264833805033235, 0.3388333140536181, 0.33895632088795846, 0.33116911580411396, 0.3270832793897559], "fc1_l2_norms": [1.3278926271919658, 1.8325609716463853, 1.651538124112258, 1.4491078313020664, 1.371688511229954, 1.28983920333971, 1.2412253935289512, 1.184716122560031, 1.1449091257831943, 1.1215569328469877], "fc2_l2_norms": [0.6906835832132182, 0.9604529252645347, 0.7807441177904465, 0.6508585859312739, 0.5871488543872385, 0.5318691063677575, 0.4982155728291984, 0.46506599425656525, 0.4395438429408698, 0.424400860433328], "count_dead_neurons": []}