{"dataset": "MNIST", "batch_size": 128, "learning_rate": 0.01, "num_epochs": 10, "activation": "LEAKY_RELU", "seed": 9859283, "train_losses": [1.381007042139578, 0.32884083732740205, 0.22058978344776484, 0.16744117326001878, 0.1360639001546638, 0.11474568560830693, 0.10032504925262063, 0.089764907658259, 0.0812309489511986, 0.07534408833045186], "test_losses": [0.4306327214912523, 0.2349247856277831, 0.1800732418093123, 0.1325698415748775, 0.11371922056202459, 0.09283979285708806, 0.08493112550187809, 0.07901484272708008, 0.072408615537813, 0.06875014832078279], "test_accuracies": [88.06, 93.1, 94.71, 96.1, 96.64, 97.26, 97.63, 97.68, 97.85, 97.83], "train_times": [5.75, 5.74, 5.7, 4.77, 5.69, 5.67, 5.72, 5.74, 4.77, 5.93], "count_dead_neurons": []}