{"dataset": "MNIST", "batch_size": 128, "learning_rate": 0.01, "num_epochs": 10, "seed": 1234, "activation": "LEAKY_RELU", "train_losses": [1.40787517452545, 0.3082879372814825, 0.20449007381953155, 0.15624431290352014, 0.1272316474967928, 0.10910863751398601, 0.09599365879779559, 0.0865627341210715, 0.07903167704291054, 0.07366460886225899], "test_losses": [0.41010911998492255, 0.22131447946723504, 0.1629495594556196, 0.13142624727297056, 0.11043077245460753, 0.09253412232840363, 0.08078995884007102, 0.07383637778354879, 0.06632502718321696, 0.06626525383937774], "test_accuracies": [89.32, 93.57, 95.27, 96.14, 96.86, 97.21, 97.5, 97.88, 97.95, 97.95], "train_times": [7.94, 7.74, 6.35, 8.3, 8.58, 8.41, 6.54, 7.86, 8.47, 8.16], "l2_norms": [1.2735803032260997, 1.801331407483906, 1.6232049010368077, 1.489517218340532, 1.41280330222073, 1.3487135069751264, 1.297773478057678, 1.2400273630125525, 1.2084652807696559, 1.2102458924335142], "conv_l2_norms": [0.39004247403650605, 0.2907060837655237, 0.2917755938521547, 0.2887486138216039, 0.2975321436789505, 0.2857837420874506, 0.2835620690968398, 0.28204209329588664, 0.2702146910557208, 0.28043737267430396], "fc_l2_norms": [1.2029308759172403, 1.776833165425712, 1.5956206061729468, 1.4595743164295945, 1.3790389492661046, 1.3161794742221555, 1.2645745804801605, 1.2055603268950585, 1.1760557179083657, 1.1753037450766217], "conv1_l2_norms": [0.1718138323697255, 0.11729906719206441, 0.11194716645378588, 0.10981447384948968, 0.11431579626238851, 0.10983154103129056, 0.10998436280650108, 0.10900874335721125, 0.1030507440517654, 0.10681663198473877], "conv2_l2_norms": [0.348265995576528, 0.2654988367046228, 0.2690591890391782, 0.26672720867834904, 0.27441015105784367, 0.2635697785939521, 0.2610493445280533, 0.2598184407817974, 0.24950494836352075, 0.25897691976183185], "fc1_l2_norms": [1.0423321679377726, 1.5235316616229697, 1.401503179082463, 1.2972508041617175, 1.2373175781088608, 1.1865062025199105, 1.146164757702882, 1.0994719493314233, 1.0759365607126927, 1.0797480942641549], "fc2_l2_norms": [0.5894375008618187, 0.9119655330460653, 0.7611274285469828, 0.6674332161102394, 0.6073197797810703, 0.5682427742862666, 0.5330008551370997, 0.4932324018163358, 0.4736967350067368, 0.4628670292371934], "count_dead_neurons": [], "k": 3, "operation": "MIN", "control_points": [[0.48105359077453613, 0.2059534192085266], [0.742104172706604, 0.056513845920562744], [0.2335154414176941, 0.6265234351158142], [0.4124048948287964, 0.7906419038772583]], "knots": [-5.010000228881836, -5.010000228881836, -5.010000228881836, 0.0, 5.010000228881836, 5.010000228881836, 5.010000228881836], "min_knot": -5.01, "max_knot": 5.01, "cp_mode": "random", "cp_count": 4, "repeated_start_knots": 3, "repeated_end_knots": 3, "num_knots": 7, "free_knots": 1, "n": 3}