{"dataset": "MNIST", "batch_size": 128, "learning_rate": 0.01, "num_epochs": 5, "seed": 9859283, "activation": "LEAKY_RELU", "train_losses": [1.4176910616822842, 0.32920868297629774, 0.2209773558193941, 0.16835975501614847, 0.13522651388859952], "test_losses": [0.4280038949432252, 0.23882839944260784, 0.17692352389280178, 0.13517971428205508, 0.1201678567294833], "test_accuracies": [88.5, 93.2, 94.67, 96.04, 96.65], "train_times": [5.91, 5.96, 5.13, 6.02, 5.91], "count_dead_neurons": [], "k": 3, "operation": "MIN", "control_points": [[0.028979241847991943, 0.4018985629081726], [0.25984418392181396, 0.3666413426399231], [0.05830073356628418, 0.7006447315216064], [0.05179738998413086, 0.4681392312049866]], "knots": [-17.698442459106445, -17.698442459106445, -17.698442459106445, -8.42580509185791, 0.8468310832977295, 0.8468310832977295, 0.8468310832977295], "min_knot": -17.69844223022461, "max_knot": 0.8468310928344727, "cp_mode": "random", "cp_count": 4, "repeated_start_knots": 3, "repeated_end_knots": 3, "num_knots": 7, "free_knots": 1, "n": 3}