{"dataset": "MNIST", "batch_size": 128, "learning_rate": 0.01, "num_epochs": 10, "seed": 9859283, "activation": "LEAKY_RELU", "train_losses": [1.2498790821922359, 0.31807926246352286, 0.2230443812763767, 0.17110414606040475, 0.13896403213077263, 0.11716865247754908, 0.10223937506424084, 0.09126681314189551, 0.0825278033484528, 0.07549234954262975], "test_losses": [0.40840887598976305, 0.24118491174959683, 0.17569510017439158, 0.13836697628721595, 0.11185544631384974, 0.09859382034621283, 0.08513423390509679, 0.0797809888638226, 0.06968924653704596, 0.07381407450589858], "test_accuracies": [88.01, 93.0, 94.91, 95.96, 96.68, 97.1, 97.4, 97.56, 97.89, 97.73], "train_times": [7.37, 8.44, 8.43, 7.43, 8.76, 8.53, 8.77, 8.02, 8.95, 8.76], "l2_norms": [1.652203190749254, 2.1014292597751916, 1.840795473997282, 1.6376088841233218, 1.5286681810319673, 1.4423354031372324, 1.3655408440515833, 1.3408610930046663, 1.2831821567802655, 1.2793413503837663], "conv_l2_norms": [0.4512113831137978, 0.34940805782886475, 0.35120646902386504, 0.33778873600295944, 0.3346679170161842, 0.3212030723718646, 0.3116579073863029, 0.31842530596395274, 0.29898521766958563, 0.3055838872076614], "fc_l2_norms": [1.5795568912757976, 2.0704443467066915, 1.804539259679637, 1.599617359725529, 1.4884507120558117, 1.4028274577628164, 1.326796592655388, 1.2993758422106074, 1.245324430661662, 1.2398315737322785], "conv1_l2_norms": [0.17237135695371977, 0.1022970672871527, 0.09390298759058105, 0.08907317644936363, 0.0902278665961014, 0.08596892754364475, 0.08475702918637928, 0.08630195509499047, 0.08191738065006068, 0.0842044802963381], "conv2_l2_norms": [0.41505205807371165, 0.33351510527890765, 0.3380567984015838, 0.3256308351637934, 0.32210315387975763, 0.30931686277069503, 0.29974845659832844, 0.3063666835066477, 0.287371880023439, 0.29355233246315615], "fc1_l2_norms": [1.4115083330319689, 1.832463503540791, 1.6262737961626317, 1.455103235267068, 1.3646457115938275, 1.2923911324035688, 1.2268470102768543, 1.2060324492276193, 1.158683767860665, 1.1564672325541518], "fc2_l2_norms": [0.6975767500395115, 0.9610842779880825, 0.7802059540476625, 0.6629760160048571, 0.5930423098615372, 0.5443177216680117, 0.5039015270451704, 0.4823675012361685, 0.4552086017463618, 0.4457118640993592], "count_dead_neurons": [], "k": 3, "operation": "MIN", "control_points": [[0.028979241847991943, 0.4018985629081726], [0.25984418392181396, 0.3666413426399231], [0.05830073356628418, 0.7006447315216064], [0.05179738998413086, 0.4681392312049866]], "knots": [-5.010000228881836, -5.010000228881836, -5.010000228881836, 0.0, 5.010000228881836, 5.010000228881836, 5.010000228881836], "min_knot": -5.01, "max_knot": 5.01, "cp_mode": "random", "cp_count": 4, "repeated_start_knots": 3, "repeated_end_knots": 3, "num_knots": 7, "free_knots": 1, "n": 3}