{"dataset": "MNIST", "batch_size": 128, "learning_rate": 0.01, "num_epochs": 10, "activation": "LEAKY_RELU", "seed": 1234, "train_losses": [1.2826259797061685, 0.29668747535201784, 0.2033012046742795, 0.1556267950977725, 0.12693124920574586, 0.10757596221273896, 0.09482907230999552, 0.08533115644873714, 0.07774524184972492, 0.0720889190914852], "test_losses": [0.37640000398777707, 0.22080368025204802, 0.15650260446098033, 0.127686866582666, 0.10678677332787952, 0.09014789623951044, 0.08066050385867682, 0.07728241937223208, 0.06508607533465646, 0.06516973955167717], "test_accuracies": [90.17, 93.79, 95.45, 96.23, 96.86, 97.47, 97.66, 97.7, 98.05, 97.93], "train_times": [5.96, 4.89, 5.82, 5.88, 5.92, 5.88, 5.75, 4.81, 5.75, 5.7], "count_dead_neurons": []}