{"dataset": "MNIST", "batch_size": 128, "learning_rate": 0.01, "num_epochs": 5, "seed": 9859283, "activation": "LEAKY_RELU", "train_losses": [1.2498790821922359, 0.31807926246352286, 0.2230443812763767, 0.17110414606040475, 0.13896403213077263], "test_losses": [0.40840887598976305, 0.24118491174959683, 0.17569510017439158, 0.13836697628721595, 0.11185544631384974], "test_accuracies": [88.01, 93.0, 94.91, 95.96, 96.68], "train_times": [6.24, 5.79, 6.36, 8.29, 6.82], "l2_norms": [1.652203190749254, 2.1014292597751916, 1.840795473997282, 1.6376088841233218, 1.5286681810319673], "count_dead_neurons": [], "k": 3, "operation": "MIN", "control_points": [[0.028979241847991943, 0.4018985629081726], [0.25984418392181396, 0.3666413426399231], [0.05830073356628418, 0.7006447315216064], [0.05179738998413086, 0.4681392312049866]], "knots": [-5.010000228881836, -5.010000228881836, -5.010000228881836, 0.0, 5.010000228881836, 5.010000228881836, 5.010000228881836], "min_knot": -5.01, "max_knot": 5.01, "cp_mode": "random", "cp_count": 4, "repeated_start_knots": 3, "repeated_end_knots": 3, "num_knots": 7, "free_knots": 1, "n": 3}