{"dataset": "MNIST", "batch_size": 128, "learning_rate": 0.01, "num_epochs": 5, "seed": 1234, "activation": "LEAKY_RELU", "train_losses": [1.3894392033375658, 0.30093707126785696, 0.20124457641514634, 0.15415173247138828, 0.12557834702561785], "test_losses": [0.41040478863670854, 0.22079069150871114, 0.1619753222794661, 0.1244619748543335, 0.10646226823247404], "test_accuracies": [88.73, 93.5, 95.18, 96.31, 96.87], "train_times": [6.05, 5.7, 6.38, 6.04, 6.23], "count_dead_neurons": [], "k": 3, "operation": "MIN", "control_points": [[0.48105359077453613, 0.2059534192085266], [0.742104172706604, 0.056513845920562744], [0.2335154414176941, 0.6265234351158142], [0.4124048948287964, 0.7906419038772583]], "knots": [-47.328697204589844, -47.328697204589844, -47.328697204589844, -7.256328582763672, 32.816036224365234, 32.816036224365234, 32.816036224365234], "min_knot": -47.32869888305664, "max_knot": 32.81603790283203, "cp_mode": "random", "cp_count": 4, "repeated_start_knots": 3, "repeated_end_knots": 3, "num_knots": 7, "free_knots": 1, "n": 3}