{"dataset": "MNIST", "batch_size": 128, "learning_rate": 0.01, "num_epochs": 10, "activation": "LEAKY_RELU", "seed": 2934, "train_losses": [1.2818587582502792, 0.3344980355328334, 0.2336547812387379, 0.17837712359326735, 0.14204604766452744, 0.11782304037894521, 0.10179693026662763, 0.09036928615066162, 0.0813086485680836, 0.0746687838156372], "test_losses": [0.4199737735752818, 0.25475541966719717, 0.18855859562047297, 0.15795118698873853, 0.11759013811102774, 0.1017015924694936, 0.08720700575416035, 0.07557856221683323, 0.07296478830843786, 0.06429729839533425], "test_accuracies": [88.57, 92.68, 94.67, 95.17, 96.39, 96.99, 97.37, 97.78, 97.73, 98.04], "train_times": [4.42, 5.38, 5.78, 5.86, 5.95, 5.94, 5.02, 5.92, 5.85, 5.91], "count_dead_neurons": []}