{"dataset": "MNIST", "batch_size": 128, "learning_rate": 0.01, "num_epochs": 5, "seed": 2934, "activation": "LEAKY_RELU", "train_losses": [1.367305160585497, 0.3193115463643186, 0.21396011773393606, 0.16262031816788067, 0.13064314685523637], "test_losses": [0.424485308177109, 0.23275754853045638, 0.17199067769077006, 0.13165963784190296, 0.10811642039555443], "test_accuracies": [87.95, 93.56, 95.05, 95.98, 96.78], "train_times": [5.33, 6.04, 6.1, 6.13, 6.16], "count_dead_neurons": []}