{"dataset": "MNIST", "batch_size": 128, "learning_rate": 0.01, "num_epochs": 5, "seed": 2934, "activation": "LEAKY_RELU", "train_losses": [1.263533882240751, 0.32331547544582057, 0.22377116951162118, 0.16950465481418536, 0.1367883140614419], "test_losses": [0.4263237823225275, 0.25047580878945847, 0.18419861035492224, 0.13745162803443928, 0.1138570015613414], "test_accuracies": [87.95, 92.46, 94.95, 95.8, 96.48], "train_times": [6.89, 6.7, 8.44, 6.71, 6.67], "l2_norms": [1.5794577587058127, 2.103724270923982, 1.86439631709747, 1.6283557483918547, 1.5356342405007453], "count_dead_neurons": []}