{"dataset": "MNIST", "batch_size": 128, "learning_rate": 0.01, "num_epochs": 5, "seed": 1234, "activation": "LEAKY_RELU", "train_losses": [1.40787517452545, 0.3082879372814825, 0.20449007381953155, 0.15624431290352014, 0.1272316474967928], "test_losses": [0.41010911998492255, 0.22131447946723504, 0.1629495594556196, 0.13142624727297056, 0.11043077245460753], "test_accuracies": [89.32, 93.57, 95.27, 96.14, 96.86], "train_times": [6.25, 7.74, 6.49, 6.15, 6.26], "l2_norms": [1.2735803032260997, 1.801331407483906, 1.6232049010368077, 1.489517218340532, 1.41280330222073], "count_dead_neurons": [], "k": 3, "operation": "MIN", "control_points": [[0.48105359077453613, 0.2059534192085266], [0.742104172706604, 0.056513845920562744], [0.2335154414176941, 0.6265234351158142], [0.4124048948287964, 0.7906419038772583]], "knots": [-5.010000228881836, -5.010000228881836, -5.010000228881836, 0.0, 5.010000228881836, 5.010000228881836, 5.010000228881836], "min_knot": -5.01, "max_knot": 5.01, "cp_mode": "random", "cp_count": 4, "repeated_start_knots": 3, "repeated_end_knots": 3, "num_knots": 7, "free_knots": 1, "n": 3}