{"dataset": "MNIST", "batch_size": 128, "learning_rate": 0.01, "num_epochs": 10, "seed": 9859283, "activation": "SIGMOID", "train_losses": [2.271250423337859, 1.8633758490527872, 0.8635796783829549, 0.4999445784193621, 0.37249212179865154, 0.30613774032608027, 0.26344509921602605, 0.23195209500314332, 0.20765228270848932, 0.18789740518402698], "test_losses": [2.2082180554353736, 1.254477485825744, 0.5938560581659968, 0.4048413221217409, 0.32075372328863866, 0.26921094293835796, 0.23349055770454527, 0.20844840991629077, 0.1867749518184345, 0.17108025076457217], "test_accuracies": [60.83, 74.47, 87.78, 90.41, 91.99, 93.03, 93.77, 94.55, 94.88, 95.32], "train_times": [8.96, 7.14, 9.12, 8.93, 8.93, 6.5, 8.68, 8.84, 8.36, 6.67], "l2_norms": [0.5329724759840909, 0.7460840313305556, 0.880733540657417, 0.9050138537961633, 0.9234068762902481, 0.9492795331102619, 0.9495661339860452, 0.9456096625498914, 0.9294887245371914, 0.9162806961655308], "conv_l2_norms": [0.08906772763776899, 0.2967854156952687, 0.24727130199728342, 0.1788975276441834, 0.16952302538236474, 0.17008830473612932, 0.17319058844375054, 0.17591178670143523, 0.17178959967343213, 0.1752538241208027], "fc_l2_norms": [0.5246209080598732, 0.681820547264871, 0.8431132181228076, 0.8865382848861288, 0.9070310228746268, 0.9332128761766689, 0.9328495281931014, 0.9280938495312225, 0.9126414985664363, 0.8982405726432412], "conv1_l2_norms": [0.023078709150110097, 0.14712531557245873, 0.1306382780652726, 0.07622270685999771, 0.061624489626291946, 0.05602626905899941, 0.0534056841618513, 0.05140176316097474, 0.04930885718533272, 0.048418485815297896], "conv2_l2_norms": [0.08582213823440867, 0.256890312346773, 0.20941433961879982, 0.16148758225617565, 0.1576207218041655, 0.1603451124214629, 0.16450641226480606, 0.1680102023452568, 0.16435675007537034, 0.16826662760647687], "fc1_l2_norms": [0.2000532902035067, 0.4540131935975921, 0.7294375736393349, 0.8296229015752631, 0.8695097366443537, 0.9030547354367232, 0.9068289557423694, 0.9053315616591329, 0.8919490159793512, 0.879394687508231], "fc2_l2_norms": [0.4841781150920983, 0.499426031265384, 0.41755162481466956, 0.3099565515872808, 0.25662528732864875, 0.2340939743519117, 0.2175963597869508, 0.20319968046796943, 0.19222750814027853, 0.1821394715544926], "count_dead_neurons": [], "k": 3, "operation": "MIN", "control_points": [[0.028979241847991943, 0.4018985629081726], [0.25984418392181396, 0.3666413426399231], [0.05830073356628418, 0.7006447315216064], [0.05179738998413086, 0.4681392312049866]], "knots": [-5.010000228881836, -5.010000228881836, -5.010000228881836, 0.0, 5.010000228881836, 5.010000228881836, 5.010000228881836], "min_knot": -5.01, "max_knot": 5.01, "cp_mode": "random", "cp_count": 4, "repeated_start_knots": 3, "repeated_end_knots": 3, "num_knots": 7, "free_knots": 1, "n": 3}