{"dataset": "MNIST", "batch_size": 128, "learning_rate": 0.01, "num_epochs": 5, "seed": 9859283, "activation": "SIGMOID", "train_losses": [2.271250423337859, 1.8633758490527872, 0.8635796783829549, 0.4999445784193621, 0.37249212179865154], "test_losses": [2.2082180554353736, 1.254477485825744, 0.5938560581659968, 0.4048413221217409, 0.32075372328863866], "test_accuracies": [60.83, 74.47, 87.78, 90.41, 91.99], "train_times": [6.11, 6.48, 6.85, 8.43, 6.48], "l2_norms": [0.5329724759840909, 0.7460840313305556, 0.880733540657417, 0.9050138537961633, 0.9234068762902481], "count_dead_neurons": [], "k": 3, "operation": "MIN", "control_points": [[0.028979241847991943, 0.4018985629081726], [0.25984418392181396, 0.3666413426399231], [0.05830073356628418, 0.7006447315216064], [0.05179738998413086, 0.4681392312049866]], "knots": [-5.010000228881836, -5.010000228881836, -5.010000228881836, 0.0, 5.010000228881836, 5.010000228881836, 5.010000228881836], "min_knot": -5.01, "max_knot": 5.01, "cp_mode": "random", "cp_count": 4, "repeated_start_knots": 3, "repeated_end_knots": 3, "num_knots": 7, "free_knots": 1, "n": 3}