{"dataset": "MNIST", "batch_size": 128, "learning_rate": 0.01, "num_epochs": 10, "activation": "SIGMOID", "seed": 1234, "train_losses": [2.2617798319249265, 1.7224015842622786, 0.7450142118976568, 0.4518816649024166, 0.3396072907488483, 0.27807591258208636, 0.23759326894781482, 0.20837689149799124, 0.18584234467638072, 0.16804742455673116], "test_losses": [2.177110841002645, 1.0540745069709005, 0.5265747040887422, 0.3668098191294489, 0.28905808312606207, 0.24234434816090367, 0.2089287444619061, 0.18404195179479033, 0.1645791636709171, 0.14988674897747703], "test_accuracies": [49.02, 79.29, 89.1, 91.55, 92.8, 93.66, 94.48, 95.12, 95.62, 96.04], "train_times": [6.25, 4.99, 6.43, 6.87, 6.76, 6.87, 5.86, 6.75, 6.85, 5.87], "count_dead_neurons": []}