{"dataset": "MNIST", "batch_size": 128, "learning_rate": 0.01, "num_epochs": 5, "seed": 2934, "activation": "SIGMOID", "train_losses": [2.2605974115034155, 1.6838757797344914, 0.7636234087984699, 0.4795101235416144, 0.3692483633820182], "test_losses": [2.164824579335466, 1.053956999054438, 0.5559232314176197, 0.3973769825659221, 0.32017430078379716], "test_accuracies": [59.47, 77.71, 87.77, 90.2, 91.98], "train_times": [6.7, 6.57, 8.71, 6.7, 6.53], "l2_norms": [0.5483824602231179, 0.8248290530056145, 0.9438724619475831, 0.9678695742548713, 1.0132303032123255], "count_dead_neurons": []}