{"dataset": "MNIST", "batch_size": 128, "learning_rate": 0.01, "num_epochs": 5, "seed": 2934, "activation": "SIGMOID", "train_losses": [2.258173648736624, 1.6603517470075124, 0.740132628854658, 0.46527407532815995, 0.35877367669839594], "test_losses": [2.1584895713419856, 1.0226149408123162, 0.5361248807439322, 0.38553297133008135, 0.3110872430703308], "test_accuracies": [50.75, 81.05, 88.2, 90.66, 92.0], "train_times": [5.38, 6.6, 6.06, 6.05, 6.09], "count_dead_neurons": []}