{"dataset": "MNIST", "batch_size": 128, "learning_rate": 0.01, "num_epochs": 5, "seed": 1234, "activation": "SIGMOID", "train_losses": [2.2493420862185673, 1.5703822089664972, 0.7046928499807427, 0.4540121822214838, 0.35271748674830905], "test_losses": [2.126254081726074, 0.9522441308709639, 0.5205664657339265, 0.3782042953409726, 0.30432028691225416], "test_accuracies": [64.29, 80.67, 88.67, 90.79, 92.22], "train_times": [6.11, 6.13, 5.86, 5.23, 7.16], "count_dead_neurons": [], "k": 3, "operation": "MIN", "control_points": [[0.48105359077453613, 0.2059534192085266], [0.742104172706604, 0.056513845920562744], [0.2335154414176941, 0.6265234351158142], [0.4124048948287964, 0.7906419038772583]], "knots": [-47.328697204589844, -47.328697204589844, -47.328697204589844, -7.256328582763672, 32.816036224365234, 32.816036224365234, 32.816036224365234], "min_knot": -47.32869888305664, "max_knot": 32.81603790283203, "cp_mode": "random", "cp_count": 4, "repeated_start_knots": 3, "repeated_end_knots": 3, "num_knots": 7, "free_knots": 1, "n": 3}