{"dataset": "MNIST", "batch_size": 128, "learning_rate": 0.01, "num_epochs": 10, "activation": "SIGMOID", "seed": 9859283, "train_losses": [2.270859917089629, 1.8505237542235775, 0.8478986240907519, 0.4968289908951025, 0.36897173002838834, 0.3004855159948121, 0.25581494891948536, 0.22392982454188087, 0.19954745338034274, 0.18011155948519453], "test_losses": [2.2063001771516437, 1.2284911720058587, 0.5888601560381395, 0.3997749327858792, 0.3140910703547393, 0.2613822575894338, 0.2265507347315927, 0.20016986874368373, 0.17916572501859332, 0.16072113944005362], "test_accuracies": [40.13, 76.66, 87.42, 90.43, 91.99, 93.35, 94.06, 94.72, 95.15, 95.63], "train_times": [6.43, 5.02, 5.88, 6.22, 6.26, 6.41, 4.67, 5.65, 5.79, 5.81], "count_dead_neurons": []}