{"dataset": "MNIST", "batch_size": 128, "learning_rate": 0.01, "num_epochs": 10, "seed": 1234, "activation": "SIGMOID", "train_losses": [2.2543890415224186, 1.6508393793472096, 0.729899428419467, 0.45303821338138095, 0.3463274156297448, 0.28758958909811494, 0.2476793608622256, 0.21775960965133678, 0.19423510817322395, 0.17536564566878113], "test_losses": [2.148283185838144, 1.0080459336691265, 0.525866921755332, 0.37260496154238903, 0.29805857612739634, 0.2512493567376197, 0.21839626279624202, 0.19515031345094305, 0.1717209046635824, 0.1551191418702844], "test_accuracies": [61.01, 80.38, 89.01, 91.06, 92.56, 93.37, 94.16, 94.66, 95.14, 95.67], "train_times": [6.79, 5.06, 6.95, 7.52, 7.65, 7.52, 5.6, 7.48, 7.95, 8.11], "l2_norms": [0.5500194222651429, 0.7687114609805837, 0.8052002086569288, 0.8115243592656007, 0.8393336211494058, 0.8461552001757527, 0.8498218564983618, 0.8371636119852056, 0.8203070372849116, 0.8092754755597789], "conv_l2_norms": [0.10291887895624938, 0.31175757501160856, 0.19422834689496413, 0.14505464511682034, 0.14654393478828145, 0.14913704520547863, 0.15057775408374188, 0.15531676435930417, 0.15239699233694326, 0.15746776363826495], "fc_l2_norms": [0.5382636160537367, 0.7010136351234683, 0.7801539892436723, 0.7980673591121322, 0.8259873473653636, 0.8324021946757365, 0.8357204472658494, 0.8217637636988295, 0.8052475580734705, 0.7927498951441564], "conv1_l2_norms": [0.03370409865260765, 0.16244258691782934, 0.10675357845965774, 0.06772909782933062, 0.06136593400561864, 0.06027423851844536, 0.06039013944369441, 0.06129169013877991, 0.05951334429407981, 0.061540380762057215], "conv2_l2_norms": [0.09696884702220171, 0.26553287689996785, 0.16202673507968096, 0.12800047200507805, 0.132832387868686, 0.13616830475354405, 0.13768324067368332, 0.14243978771034416, 0.1400814268682205, 0.14467689133523431], "fc1_l2_norms": [0.2267057348419779, 0.4890772693617021, 0.6732739529310912, 0.7410501242247279, 0.7853629560955244, 0.7998100700300362, 0.8072234434364803, 0.7967351288558246, 0.7831370062137014, 0.7726778838690284], "fc2_l2_norms": [0.48642687396771217, 0.49664009335633624, 0.3897217744040462, 0.29397235194688415, 0.25415780990600384, 0.22937781700691204, 0.21516349648655586, 0.20004783377526458, 0.18628056882083324, 0.1760631352034898], "count_dead_neurons": [], "k": 3, "operation": "MIN", "control_points": [[0.48105359077453613, 0.2059534192085266], [0.742104172706604, 0.056513845920562744], [0.2335154414176941, 0.6265234351158142], [0.4124048948287964, 0.7906419038772583]], "knots": [-5.010000228881836, -5.010000228881836, -5.010000228881836, 0.0, 5.010000228881836, 5.010000228881836, 5.010000228881836], "min_knot": -5.01, "max_knot": 5.01, "cp_mode": "random", "cp_count": 4, "repeated_start_knots": 3, "repeated_end_knots": 3, "num_knots": 7, "free_knots": 1, "n": 3}