{"dataset": "MNIST", "batch_size": 128, "learning_rate": 0.01, "num_epochs": 10, "seed": 2934, "activation": "SIGMOID", "train_losses": [2.2605974115034155, 1.6838757797344914, 0.7636234087984699, 0.4795101235416144, 0.3692483633820182, 0.30838708716160707, 0.2673031938736881, 0.2368393494948141, 0.21229717442031099, 0.19184126071075894], "test_losses": [2.164824579335466, 1.053956999054438, 0.5559232314176197, 0.3973769825659221, 0.32017430078379716, 0.27484516483507576, 0.24103280746295483, 0.21281790122672728, 0.19023002500209626, 0.17179901089189173], "test_accuracies": [59.47, 77.71, 87.77, 90.2, 91.98, 92.62, 93.37, 94.27, 94.72, 95.26], "train_times": [6.17, 6.27, 6.53, 6.45, 6.36, 5.79, 6.45, 6.4, 6.42, 6.37], "l2_norms": [0.5483824602231179, 0.8248290530056145, 0.9438724619475831, 0.9678695742548713, 1.0132303032123255, 1.035824149690777, 1.0319364017787347, 1.0439625495022333, 1.0119358150952011, 1.002985418091482], "conv_l2_norms": [0.10397511500721594, 0.3208607651114103, 0.2215414730321071, 0.1698486346404417, 0.16101011425636505, 0.16257904533084805, 0.16182648573797112, 0.17119514139630898, 0.1664260108891988, 0.16828614257095603], "fc_l2_norms": [0.5370156252162351, 0.7576411136597903, 0.916019330336665, 0.9523100924679927, 0.9999201740241157, 1.0224753324996783, 1.0186301151811414, 1.0291710925752815, 0.9975466294257279, 0.9881048419333157], "conv1_l2_norms": [0.02823719742342748, 0.1591736263121409, 0.11506242892364162, 0.07443225168366517, 0.06196362006003961, 0.056110671181845734, 0.05336576560581529, 0.05259020137940257, 0.049402829373800056, 0.04805063037474392], "conv2_l2_norms": [0.09987003653372219, 0.27781160709099095, 0.18898421652710332, 0.1523324384392161, 0.14829481678107745, 0.15230370112178984, 0.15249097516183147, 0.1626374082292265, 0.15865511369948973, 0.16105733298897495], "fc1_l2_norms": [0.24102861181090282, 0.5666765336336872, 0.8239557039081962, 0.9039771981525001, 0.9661466200315897, 0.9947846487860003, 0.9954585720920838, 1.0085843881393928, 0.9791108468893844, 0.9715488489571116], "fc2_l2_norms": [0.47831492117568214, 0.4950216552751905, 0.39503340056937997, 0.2973338636080123, 0.25620782406016507, 0.2350202260994415, 0.21496042050001923, 0.20386461436534462, 0.1899889530595818, 0.17930646096844738], "count_dead_neurons": []}