{"dataset": "MNIST", "batch_size": 128, "learning_rate": 0.01, "num_epochs": 5, "seed": 1234, "activation": "SIGMOID", "train_losses": [2.2543890415224186, 1.6508393793472096, 0.729899428419467, 0.45303821338138095, 0.3463274156297448], "test_losses": [2.148283185838144, 1.0080459336691265, 0.525866921755332, 0.37260496154238903, 0.29805857612739634], "test_accuracies": [61.01, 80.38, 89.01, 91.06, 92.56], "train_times": [6.21, 8.37, 6.62, 6.21, 6.42], "l2_norms": [0.5500194222651429, 0.7687114609805837, 0.8052002086569288, 0.8115243592656007, 0.8393336211494058], "count_dead_neurons": [], "k": 3, "operation": "MIN", "control_points": [[0.48105359077453613, 0.2059534192085266], [0.742104172706604, 0.056513845920562744], [0.2335154414176941, 0.6265234351158142], [0.4124048948287964, 0.7906419038772583]], "knots": [-5.010000228881836, -5.010000228881836, -5.010000228881836, 0.0, 5.010000228881836, 5.010000228881836, 5.010000228881836], "min_knot": -5.01, "max_knot": 5.01, "cp_mode": "random", "cp_count": 4, "repeated_start_knots": 3, "repeated_end_knots": 3, "num_knots": 7, "free_knots": 1, "n": 3}