{"dataset": "MNIST", "batch_size": 128, "learning_rate": 0.01, "num_epochs": 5, "seed": 9859283, "activation": "SIGMOID", "train_losses": [2.270303658076695, 1.8398295030919218, 0.8646256619933318, 0.512814128640364, 0.38316258638779493], "test_losses": [2.205916975117937, 1.2307195459740072, 0.6086137864408614, 0.4167676196445393, 0.33216454682848123], "test_accuracies": [51.09, 75.59, 87.11, 90.31, 91.78], "train_times": [5.92, 5.37, 6.06, 5.78, 5.86], "count_dead_neurons": [], "k": 3, "operation": "MIN", "control_points": [[0.028979241847991943, 0.4018985629081726], [0.25984418392181396, 0.3666413426399231], [0.05830073356628418, 0.7006447315216064], [0.05179738998413086, 0.4681392312049866]], "knots": [-17.698442459106445, -17.698442459106445, -17.698442459106445, -8.42580509185791, 0.8468310832977295, 0.8468310832977295, 0.8468310832977295], "min_knot": -17.69844223022461, "max_knot": 0.8468310928344727, "cp_mode": "random", "cp_count": 4, "repeated_start_knots": 3, "repeated_end_knots": 3, "num_knots": 7, "free_knots": 1, "n": 3}