{"dataset": "MNIST", "batch_size": 128, "learning_rate": 0.01, "num_epochs": 10, "activation": "SIGMOID", "seed": 2934, "train_losses": [2.25258795640616, 1.6676811094223054, 0.7641073448825747, 0.4912967716834184, 0.3804804773282395, 0.3172909136075201, 0.27408772903973105, 0.24112888441474706, 0.21481524565136, 0.19328351790653364], "test_losses": [2.148657898359661, 1.0412764096561866, 0.5632263629496852, 0.40987972000354456, 0.3321646561351004, 0.28441054529592963, 0.24394852380397952, 0.21516091074747376, 0.1930126680320577, 0.17554778964081896], "test_accuracies": [51.47, 79.09, 87.1, 89.89, 91.62, 92.48, 93.64, 94.34, 94.84, 95.17], "train_times": [5.69, 4.66, 6.35, 7.05, 6.84, 6.81, 5.96, 6.65, 6.74, 6.73], "count_dead_neurons": []}