{"dataset": "MNIST", "batch_size": 128, "learning_rate": 0.01, "num_epochs": 10, "seed": 1234, "activation": "CUBIC_SPLINE", "train_losses": [2.2613349408229024, 1.5062059642536554, 0.34609686499084236, 0.22991636190523726, 0.17475493720917304, 0.14074668454240635, 0.11798719385825494, 0.10280146467279015, 0.09141931231659867, 0.0836343766053094], "test_losses": [2.1763685443733314, 0.46035197622413876, 0.24965522004456459, 0.18149106437929824, 0.14805722146448266, 0.11362842143265696, 0.09873165237670174, 0.08661254508055369, 0.07562863104092547, 0.07387113341873017], "test_accuracies": [59.04, 87.73, 92.79, 94.64, 95.98, 96.44, 97.05, 97.56, 97.8, 97.88], "train_times": [8.34, 7.58, 8.31, 8.31, 8.43, 7.82, 8.57, 8.64, 7.83, 8.72], "l2_norms": [0.5410213043348803, 1.2067965701319274, 2.173229490015349, 1.9283398192920678, 1.7612769945494389, 1.6097467923347033, 1.4925159507236436, 1.4151128400037039, 1.3457988015611093, 1.3470398657769052], "conv_l2_norms": [0.09915534964027216, 0.3695651178540563, 0.35001652212146933, 0.3459929540951122, 0.37165603292591615, 0.35666964488410646, 0.34963968926623573, 0.35674153189478464, 0.34261447168505915, 0.35825908999114975], "fc_l2_norms": [0.5304809042854693, 1.1409903196554634, 2.143097724176622, 1.8948972670607975, 1.7187663710024337, 1.5672821976701106, 1.4482011988717447, 1.3666075188647053, 1.298838215670735, 1.2955782327073662], "conv1_l2_norms": [0.026119279728322415, 0.1703969351185854, 0.11296943737005295, 0.10180687924695404, 0.10489252624093129, 0.10019416194479523, 0.09899988216667957, 0.10010446550843852, 0.09584018279405682, 0.10077322985318408], "conv2_l2_norms": [0.09542355830237662, 0.3270316258530639, 0.33075801582902875, 0.33041470165022585, 0.35634137510559527, 0.3421387485700582, 0.3351461068326095, 0.3422407062348915, 0.32876938460121546, 0.34364244173095837], "fc1_l2_norms": [0.23558199619351916, 0.8730290864084386, 1.8072172950351877, 1.6528159909546778, 1.5222264089819788, 1.3993201253283356, 1.3021207473384115, 1.2369077306204137, 1.1822470267210905, 1.1823145846277474], "fc2_l2_norms": [0.47394537626538247, 0.719528739099721, 1.1463771310459527, 0.9234427907667601, 0.795196310861684, 0.7037316452831323, 0.6317233193523807, 0.5791027495475025, 0.5361102483629023, 0.5279224883077632], "count_dead_neurons": []}