{"dataset": "MNIST", "batch_size": 128, "learning_rate": 0.01, "num_epochs": 10, "seed": 9859283, "activation": "CUBIC_SPLINE", "train_losses": [2.2706693835349987, 1.7111807180874383, 0.4106248301674308, 0.25883155109595135, 0.1938206615414955, 0.15416561181484256, 0.12845178433000914, 0.11111679246255965, 0.09837782365093226, 0.08882157175716307], "test_losses": [2.2056728284570237, 0.6123178080667423, 0.28730631721076333, 0.21006761605650942, 0.15940664662637666, 0.1263495685320489, 0.10422933305601907, 0.09877496429636509, 0.08390725448527196, 0.0827702059840807], "test_accuracies": [58.8, 81.09, 91.79, 93.92, 95.33, 96.11, 96.86, 97.11, 97.49, 97.55], "train_times": [8.26, 8.61, 7.63, 8.17, 8.03, 8.1, 7.75, 8.49, 8.69, 8.33], "l2_norms": [0.5477209652509143, 1.1673437870276537, 2.9293869245997843, 2.3176046218492776, 1.9782844360944685, 1.7858835376039857, 1.600789135943002, 1.5200801815236804, 1.4296856924744916, 1.4070679838220637], "conv_l2_norms": [0.08665216751997365, 0.3490473091650059, 0.412022433375515, 0.36547763084210066, 0.36304604979434957, 0.35785804668291105, 0.3438218563223563, 0.34669934709968075, 0.33345084563798405, 0.3385508816636139], "fc_l2_norms": [0.5399303719898401, 1.1059416784620102, 2.898722782990062, 2.2869363037244357, 1.9427447196616205, 1.7475463960058488, 1.5611179879263615, 1.4775587487648592, 1.3882725099772464, 1.36354034641679], "conv1_l2_norms": [0.024941727106617996, 0.17194273552484207, 0.10661697727451105, 0.08139599676026459, 0.07703357373537288, 0.07261943403949006, 0.07022898523977908, 0.07083110895408211, 0.06903006473483952, 0.06907968891623187], "conv2_l2_norms": [0.08273126153705934, 0.30250265309498636, 0.39706416060026445, 0.35586915277044184, 0.35444017583812953, 0.3501728156137393, 0.3363406662878168, 0.3392056881596991, 0.3260101811067036, 0.33125425361845245], "fc1_l2_norms": [0.22352642751372528, 0.8604932943864175, 2.5632085878527535, 2.0666415580634556, 1.7798444180430448, 1.6059919257280235, 1.439919649830374, 1.3683394897498071, 1.2870798581438867, 1.2665457147015484], "fc2_l2_norms": [0.49039805184147583, 0.6677026303160941, 1.3440924119686262, 0.9750568396419724, 0.776190569179872, 0.6867833040295348, 0.6010008115293417, 0.5556965946064161, 0.5186476936697708, 0.5033273701344704], "count_dead_neurons": []}