{"dataset": "MNIST", "batch_size": 128, "learning_rate": 0.01, "num_epochs": 10, "seed": 2934, "activation": "CUBIC_SPLINE", "train_losses": [2.252272665373552, 1.3753219752677723, 0.3717700260788647, 0.2607859560230902, 0.20289532547947695, 0.1622632453674828, 0.1334853498761588, 0.11375044653219964, 0.09949156504942537, 0.08906414570298785], "test_losses": [2.1466658537900902, 0.4694522142976145, 0.28297686817336687, 0.21650385805936176, 0.16655784259444173, 0.1398690888964677, 0.10942004983242648, 0.0948504085292969, 0.08460753704008611, 0.07637758563343389], "test_accuracies": [57.87, 86.14, 91.95, 93.59, 95.16, 95.7, 96.9, 97.25, 97.6, 97.64], "train_times": [8.5, 9.14, 8.64, 7.58, 8.15, 8.36, 8.45, 7.87, 8.28, 8.49], "l2_norms": [0.5393946131687365, 1.3809212582210701, 2.3580788809675726, 2.129699822337378, 1.9730217344509624, 1.8227649492849631, 1.702257601029314, 1.5911399043948484, 1.5227284217369175, 1.4746418745182512], "conv_l2_norms": [0.10612424610260669, 0.36283904274804035, 0.3228214452135774, 0.3269462653443213, 0.34001937401918164, 0.359004890462003, 0.3560134207179214, 0.3598223901721762, 0.356874754425326, 0.3548214127322598], "fc_l2_norms": [0.5272905358829993, 1.3216898145620715, 2.3351987933079075, 2.103598893025918, 1.9423587165132676, 1.7854124658466066, 1.6629494485061, 1.5478138895385571, 1.4779624618777119, 1.4288074643479598], "conv1_l2_norms": [0.030868370071420896, 0.17250460766348077, 0.10380406775654558, 0.09399210798566318, 0.09082418903896672, 0.09248876739566206, 0.0912553826468685, 0.09288323862411896, 0.09296155182482273, 0.09296940520013583], "conv2_l2_norms": [0.10123508772129483, 0.3181839754040865, 0.3051759687619635, 0.3127667464331728, 0.32736417398161627, 0.34663463166425035, 0.3439193179422864, 0.3474343398911659, 0.3443641079985654, 0.342245640685199], "fc1_l2_norms": [0.23005611945674279, 1.0059861820410116, 1.9465655864709746, 1.8280115469938694, 1.7226024489795504, 1.602422283748077, 1.504086592674726, 1.409619858734489, 1.351796923974678, 1.312730924309861], "fc2_l2_norms": [0.47276844753522496, 0.8446408024790287, 1.2837293051035352, 1.037310352464303, 0.8944172229137015, 0.7847604874214252, 0.7070578527470421, 0.6374200094546559, 0.5957187941855647, 0.5625446661422709], "count_dead_neurons": []}