{"dataset": "MNIST", "batch_size": 128, "learning_rate": 0.01, "num_epochs": 10, "seed": 2934, "activation": "B_SPLINE_MUL", "train_losses": [2.2257771237826804, 2.1866008269507238, 2.162510823593465, 2.1376842832260294, 2.113003762800302, 2.0879607729311944, 2.062750601310974, 2.0385665507204753, 2.0136771944285963, 1.9888574047637646], "test_losses": [2.1962592481057857, 2.172328535514542, 2.1468686272826374, 2.1216094886200336, 2.0962659527983845, 2.0702437509464313, 2.045455624785604, 2.0200919984262202, 1.9951408633702918, 1.9712239518950256], "test_accuracies": [52.46, 53.15, 53.97, 54.15, 55.05, 55.35, 56.49, 56.29, 57.16, 57.82], "train_times": [12.9, 9.84, 11.88, 11.67, 9.75, 13.06, 12.15, 9.93, 11.49, 10.28], "l2_norms": [0.4901555595341255, 0.3933504105137878, 0.3510069559458996, 0.3379247792405701, 0.33375854542279043, 0.324840489885827, 0.32269696586561886, 0.32391206747389406, 0.313236211676696, 0.31803293279551675], "conv_l2_norms": [0.16221427865891963, 0.17314033813291116, 0.16191020108362175, 0.1599683475613333, 0.16194008628546175, 0.15607001822688946, 0.15642487589200652, 0.1560531501672707, 0.15042295742734976, 0.15371055544142903], "fc_l2_norms": [0.46070712383133194, 0.35014069964715244, 0.3081182695029718, 0.2940348591787861, 0.2882255476418833, 0.28116941801942247, 0.27860031611639424, 0.28036196175377825, 0.27123010344693654, 0.2747987475453329], "conv1_l2_norms": [0.048322029905503966, 0.08066836512404454, 0.08697776580094624, 0.0907715753141122, 0.09470493555654758, 0.09308856276842653, 0.09392627359523968, 0.09464137526302155, 0.09168602476413355, 0.09388954443687389], "conv2_l2_norms": [0.15435384317359113, 0.15288609308719672, 0.13622204247479205, 0.13125619484565, 0.13082691904222943, 0.12468297434568798, 0.12441204731762248, 0.1234203634276929, 0.1185535414934487, 0.12098077969583593], "fc1_l2_norms": [0.432606533468339, 0.31531836870453495, 0.26887894981709226, 0.25385131785600024, 0.24727517999272206, 0.2384609425144417, 0.23646762168036492, 0.23704120456289585, 0.22950456054353108, 0.2330349732266454], "fc2_l2_norms": [0.1548248312269094, 0.14909086439036798, 0.14759191552093107, 0.14570757803927592, 0.14507733753417634, 0.14611193254921423, 0.1442752463578681, 0.14623180764313465, 0.14138075944507603, 0.14193132534838634], "count_dead_neurons": [], "k": 2, "operation": "MUL", "control_points": [[0.48105359077453613, 0.2059534192085266], [0.742104172706604, 0.056513845920562744], [0.2335154414176941, 0.6265234351158142], [0.4124048948287964, 0.7906419038772583]], "knots": [-5.010000228881836, -5.010000228881836, -1.6700000762939453, 1.6700000762939453, 5.010000228881836, 5.010000228881836], "min_knot": -5.01, "max_knot": 5.01, "cp_mode": "random", "cp_count": 4, "repeated_start_knots": 2, "repeated_end_knots": 2, "num_knots": 6, "free_knots": 2, "n": 3}