{"dataset": "MNIST", "batch_size": 128, "learning_rate": 0.01, "num_epochs": 5, "seed": 2934, "activation": "B_SPLINE_MUL", "train_losses": [2.2887651300125285, 2.2828883570648713, 2.283596740856862, 2.284870521346135, 2.2861368147803267], "test_losses": [2.283187410499476, 2.282553784454925, 2.2836336697204205, 2.284922693349138, 2.286095670506924], "test_accuracies": [11.43, 11.45, 11.45, 11.66, 11.8], "train_times": [13.39, 14.67, 15.27, 14.08, 15.06], "count_dead_neurons": [], "k": 3, "operation": "MUL", "control_points": [[0.48105359077453613, 0.2059534192085266], [0.742104172706604, 0.056513845920562744], [0.2335154414176941, 0.6265234351158142], [0.4124048948287964, 0.7906419038772583]], "knots": [-2.387150764465332, -2.387150764465332, -2.387150764465332, 6.331169128417969, 15.04948902130127, 15.04948902130127, 15.04948902130127], "min_knot": -2.387150774002075, "max_knot": 15.049488792419433, "cp_mode": "random", "cp_count": 4, "repeated_start_knots": 3, "repeated_end_knots": 3, "num_knots": 7, "free_knots": 1, "n": 3}