{"dataset": "MNIST", "batch_size": 128, "learning_rate": 0.01, "num_epochs": 5, "seed": 9859283, "activation": "B_SPLINE_MUL", "train_losses": [2.244244810360581, 2.1880610685612853, 2.158829791713625, 2.1325005493692752, 2.1070589510870894], "test_losses": [2.2050721464277823, 2.1706301713291603, 2.1429887119727797, 2.1167084476615807, 2.0910403366330303], "test_accuracies": [38.58, 44.85, 39.41, 46.98, 46.23], "train_times": [16.07, 14.51, 14.89, 14.15, 14.97], "count_dead_neurons": [], "k": 3, "operation": "MUL", "control_points": [[0.5167590975761414, 0.43356209993362427], [0.4973334074020386, 0.41004443168640137], [0.9193550944328308, 0.6096861958503723], [0.5613484382629395, 0.6475276947021484]], "knots": [-10.142820358276367, -10.142820358276367, -10.142820358276367, 20.345272064208984, 50.83336639404297, 50.83336639404297, 50.83336639404297], "min_knot": -10.142820129394531, "max_knot": 50.833368072509764, "cp_mode": "random", "cp_count": 4, "repeated_start_knots": 3, "repeated_end_knots": 3, "num_knots": 7, "free_knots": 1, "n": 3}