{"dataset": "MNIST", "batch_size": 128, "learning_rate": 0.01, "num_epochs": 10, "seed": 2934, "activation": "B_SPLINE_MUL", "train_losses": [2.2885429823576513, 2.2826242558737553, 2.283184578169638, 2.2846556584209776, 2.2858412860553146, 2.2869656614657403, 2.2879137926772715, 2.2888018785000863, 2.2895579312655974, 2.290240947117429], "test_losses": [2.282782859440091, 2.2821429590635662, 2.283413805539095, 2.2846287956720666, 2.2858562560021123, 2.2868785495999493, 2.287791795368436, 2.2886252644695815, 2.28936571109144, 2.290021313896662], "test_accuracies": [11.47, 11.36, 11.45, 11.54, 11.45, 11.35, 11.35, 11.35, 11.35, 11.35], "train_times": [15.06, 12.27, 14.46, 16.99, 13.71, 15.67, 12.0, 15.51, 14.21, 17.61], "l2_norms": [0.20147566342069373, 0.1594650782714537, 0.147749656155136, 0.14000575502658785, 0.13572384292373968, 0.13488494589314728, 0.13134696411064647, 0.13288520239886517, 0.12700831947643274, 0.1277280543299935], "conv_l2_norms": [0.04690070489630186, 0.04064580172522467, 0.036849889192972114, 0.033211416414384985, 0.030402114505885106, 0.027922307988755706, 0.026069064811091964, 0.024287104928380602, 0.022794928519373817, 0.02153025893731336], "fc_l2_norms": [0.19581470750699756, 0.15399472641731227, 0.1428753628488675, 0.13580801724882904, 0.13208436673059878, 0.13180467623369563, 0.1285757182192007, 0.13049698474000412, 0.12477534507224278, 0.12575867375047034], "conv1_l2_norms": [0.011551274492398175, 0.014414625330665426, 0.014930695177277449, 0.01489389673980797, 0.014645834967261951, 0.014187936777534818, 0.013791964785228126, 0.013261497773774434, 0.012792829309990593, 0.01233775142362988], "conv2_l2_norms": [0.04540976865434854, 0.03799165004429973, 0.03368390235312361, 0.02968102663493492, 0.026639241177211108, 0.024047293266769403, 0.022120632843974718, 0.02034548558756223, 0.018865594421624002, 0.017643301596805248], "fc1_l2_norms": [0.12807111638548713, 0.0747164123166459, 0.05611667733778243, 0.045524446287919976, 0.03914863381580581, 0.034688408823609865, 0.03131391628304388, 0.029003540454125062, 0.026220276800000518, 0.024597832526339933], "fc2_l2_norms": [0.14677613587994667, 0.13415427649698014, 0.13112205651202716, 0.12773938702900506, 0.1259721637951355, 0.12703253046498708, 0.12458782800685538, 0.1271172200029619, 0.12186811633572818, 0.12322641253802505], "count_dead_neurons": [], "k": 3, "operation": "MUL", "control_points": [[0.48105359077453613, 0.2059534192085266], [0.742104172706604, 0.056513845920562744], [0.2335154414176941, 0.6265234351158142], [0.4124048948287964, 0.7906419038772583]], "knots": [-5.010000228881836, -5.010000228881836, -5.010000228881836, 0.0, 5.010000228881836, 5.010000228881836, 5.010000228881836], "min_knot": -5.01, "max_knot": 5.01, "cp_mode": "random", "cp_count": 4, "repeated_start_knots": 3, "repeated_end_knots": 3, "num_knots": 7, "free_knots": 1, "n": 3}