{"dataset": "MNIST", "batch_size": 128, "learning_rate": 0.01, "num_epochs": 5, "seed": 2934, "activation": "B_SPLINE_MUL", "train_losses": [2.2885429823576513, 2.2826242558737553, 2.283184578169638, 2.2846556584209776, 2.2858412860553146], "test_losses": [2.282782859440091, 2.2821429590635662, 2.283413805539095, 2.2846287956720666, 2.2858562560021123], "test_accuracies": [11.47, 11.36, 11.45, 11.54, 11.45], "train_times": [16.19, 14.51, 15.41, 15.23, 14.94], "count_dead_neurons": [], "k": 3, "operation": "MUL", "control_points": [[0.48105359077453613, 0.2059534192085266], [0.742104172706604, 0.056513845920562744], [0.2335154414176941, 0.6265234351158142], [0.4124048948287964, 0.7906419038772583]], "knots": [-5.010000228881836, -5.010000228881836, -5.010000228881836, 0.0, 5.010000228881836, 5.010000228881836, 5.010000228881836], "min_knot": -5.01, "max_knot": 5.01, "cp_mode": "random", "cp_count": 4, "repeated_start_knots": 3, "repeated_end_knots": 3, "num_knots": 7, "free_knots": 1, "n": 3}