{"dataset": "MNIST", "batch_size": 128, "learning_rate": 0.01, "num_epochs": 5, "seed": 1234, "activation": "B_SPLINE_MUL", "train_losses": [2.283847500774652, 2.271908369145668, 2.269075113573054, 2.2670242949081127, 2.265292943413578], "test_losses": [2.272995073584062, 2.269133341463306, 2.2668244174764127, 2.2652444084988366, 2.2635513408274592], "test_accuracies": [22.07, 15.21, 16.18, 16.92, 18.73], "train_times": [11.49, 11.25, 9.76, 12.33, 10.26], "l2_norms": [0.2078550511706108, 0.17530618864909916, 0.15693333064079143, 0.1493810613054555, 0.14267294941174755], "count_dead_neurons": [], "k": 2, "operation": "MUL", "control_points": [[0.028979241847991943, 0.4018985629081726], [0.25984418392181396, 0.3666413426399231], [0.05830073356628418, 0.7006447315216064], [0.05179738998413086, 0.4681392312049866]], "knots": [-5.010000228881836, -5.010000228881836, -1.6700000762939453, 1.6700000762939453, 5.010000228881836, 5.010000228881836], "min_knot": -5.01, "max_knot": 5.01, "cp_mode": "random", "cp_count": 4, "repeated_start_knots": 2, "repeated_end_knots": 2, "num_knots": 6, "free_knots": 2, "n": 3}