{"dataset": "MNIST", "batch_size": 128, "learning_rate": 0.01, "num_epochs": 5, "seed": 1234, "activation": "B_SPLINE_MUL", "train_losses": [2.2971011631524383, 2.295496195872455, 2.295647821446726, 2.2959604980086468, 2.2962591587099186], "test_losses": [2.2954887649680993, 2.2952630036993873, 2.2955371005625667, 2.29587069342408, 2.296153376374064], "test_accuracies": [20.73, 11.35, 11.35, 11.35, 11.35], "train_times": [14.29, 15.48, 14.59, 15.11, 14.58], "count_dead_neurons": [], "k": 3, "operation": "MUL", "control_points": [[0.028979241847991943, 0.4018985629081726], [0.25984418392181396, 0.3666413426399231], [0.05830073356628418, 0.7006447315216064], [0.05179738998413086, 0.4681392312049866]], "knots": [-6.920312404632568, -6.920312404632568, -6.920312404632568, -3.1300783157348633, 0.660155713558197, 0.660155713558197, 0.660155713558197], "min_knot": -6.920312175750732, "max_knot": 0.6601557230949402, "cp_mode": "random", "cp_count": 4, "repeated_start_knots": 3, "repeated_end_knots": 3, "num_knots": 7, "free_knots": 1, "n": 3}