{"dataset": "MNIST", "batch_size": 128, "learning_rate": 0.01, "num_epochs": 5, "seed": 9859283, "activation": "B_SPLINE_MUL", "train_losses": [2.2444988405272395, 2.18853689002584, 2.1589146067084535, 2.1327440972521363, 2.1073889976371327], "test_losses": [2.204822479924069, 2.169876732403719, 2.142539039442811, 2.1163306266446655, 2.091310102728349], "test_accuracies": [51.44, 49.35, 47.86, 44.56, 46.23], "train_times": [16.55, 16.66, 16.65, 16.74, 16.81], "count_dead_neurons": [], "k": 3, "operation": "MUL", "control_points": [[0.5167590975761414, 0.43356209993362427], [0.4973334074020386, 0.41004443168640137], [0.9193550944328308, 0.6096861958503723], [0.5613484382629395, 0.6475276947021484]], "knots": [-5.010000228881836, -5.010000228881836, -5.010000228881836, 0.0, 5.010000228881836, 5.010000228881836, 5.010000228881836], "min_knot": -5.01, "max_knot": 5.01, "cp_mode": "random", "cp_count": 4, "repeated_start_knots": 3, "repeated_end_knots": 3, "num_knots": 7, "free_knots": 1, "n": 3}