{"dataset": "MNIST", "batch_size": 128, "learning_rate": 0.01, "num_epochs": 10, "seed": 1234, "activation": "B_SPLINE_MUL", "train_losses": [2.297160564963497, 2.2954117565521046, 2.295567566397856, 2.2958898630731905, 2.2961765408261754, 2.296372790326442, 2.29652609601458, 2.2966903171051287, 2.2968088518073566, 2.296925208207641], "test_losses": [2.2953469813624516, 2.295134550408472, 2.2954423638838755, 2.2957840931566458, 2.2960173661195777, 2.29619805722297, 2.2963598679892625, 2.2964970431750333, 2.2966119790379005, 2.2967427259759057], "test_accuracies": [16.6, 11.35, 11.35, 11.35, 11.35, 11.35, 11.35, 11.35, 11.35, 11.35], "train_times": [20.49, 19.4, 20.38, 19.92, 19.73, 18.57, 21.73, 20.12, 18.44, 22.37], "l2_norms": [0.1356629523588694, 0.10600597404959886, 0.0983133012859886, 0.09448050724216998, 0.09208079547614897, 0.08984445216366078, 0.08974590406690694, 0.08959723050753032, 0.0891850729373966, 0.08877482114252287], "conv_l2_norms": [0.027865947465309116, 0.01966186828677268, 0.01621527455590201, 0.014038774381659161, 0.012140356582475968, 0.01115447708397609, 0.010597123344198364, 0.01011339707752085, 0.009764519696079044, 0.00955154193920458], "fc_l2_norms": [0.1327048145601089, 0.10409681583815607, 0.09689626996091623, 0.09334443459694847, 0.09121471465961484, 0.0890973789355033, 0.08906087804920565, 0.08896984691297079, 0.08859874241785325, 0.08819979882666877], "conv1_l2_norms": [0.005890080111930071, 0.005278967417581803, 0.004987158669070333, 0.004690823544714125, 0.004322760227415, 0.004153963809670815, 0.004090789244639288, 0.004018763215351306, 0.003988123848448361, 0.003986930986716448], "conv2_l2_norms": [0.027226041404412316, 0.018935724970630393, 0.015427447487328756, 0.013230094274499888, 0.011343622402348623, 0.010351259842030983, 0.009775000979946085, 0.00927989058203938, 0.008912268131486734, 0.00867895730181336], "fc1_l2_norms": [0.08356052825460818, 0.047920228718289, 0.034089045093425856, 0.027199424752369167, 0.022682638707989946, 0.019650089649089007, 0.01776931648099359, 0.016168935457154324, 0.014864600472756595, 0.013969514496546199], "fc2_l2_norms": [0.10225975356368562, 0.09216154520584227, 0.09057199483651804, 0.08918341565163984, 0.08827817299880697, 0.0868455156048122, 0.08721467666746333, 0.08743739282095049, 0.0872965862181834, 0.08703348245230154], "count_dead_neurons": [], "k": 3, "operation": "MUL", "control_points": [[0.028979241847991943, 0.4018985629081726], [0.25984418392181396, 0.3666413426399231], [0.05830073356628418, 0.7006447315216064], [0.05179738998413086, 0.4681392312049866]], "knots": [-5.010000228881836, -5.010000228881836, -5.010000228881836, 0.0, 5.010000228881836, 5.010000228881836, 5.010000228881836], "min_knot": -5.01, "max_knot": 5.01, "cp_mode": "random", "cp_count": 4, "repeated_start_knots": 3, "repeated_end_knots": 3, "num_knots": 7, "free_knots": 1, "n": 3}