{"dataset": "MNIST", "batch_size": 128, "learning_rate": 0.01, "num_epochs": 5, "seed": 9859283, "activation": "B_SPLINE_MUL", "train_losses": [2.0542697682817863, 1.7795574222800574, 1.5986201590312314, 1.4531706807964138, 1.3350225857325964], "test_losses": [1.8807210560086407, 1.670802362357514, 1.510631030118918, 1.379989041557795, 1.2701575439187545], "test_accuracies": [66.27, 72.07, 71.71, 76.51, 77.39], "train_times": [10.78, 11.58, 11.41, 10.74, 11.76], "count_dead_neurons": [], "k": 2, "operation": "MUL", "control_points": [[0.5167590975761414, 0.43356209993362427], [0.4973334074020386, 0.41004443168640137], [0.9193550944328308, 0.6096861958503723], [0.5613484382629395, 0.6475276947021484]], "knots": [-7.838920593261719, -7.838920593261719, 18.684438705444336, 45.207794189453125, 71.73115539550781, 71.73115539550781], "min_knot": -7.838920364379883, "max_knot": 71.73115325927735, "cp_mode": "random", "cp_count": 4, "repeated_start_knots": 2, "repeated_end_knots": 2, "num_knots": 6, "free_knots": 2, "n": 3}