{"dataset": "MNIST", "batch_size": 128, "learning_rate": 0.01, "num_epochs": 5, "seed": 2934, "activation": "B_SPLINE_MUL", "train_losses": [2.2276521364508914, 2.1835780240325278, 2.1596209448792023, 2.1353962599341547, 2.1108806189189333], "test_losses": [2.1937469108195247, 2.1685679471945463, 2.143570450287831, 2.1195659697810307, 2.0958899153938777], "test_accuracies": [51.71, 52.66, 54.6, 54.88, 53.68], "train_times": [9.42, 11.44, 11.58, 9.53, 10.68], "count_dead_neurons": [], "k": 2, "operation": "MUL", "control_points": [[0.48105359077453613, 0.2059534192085266], [0.742104172706604, 0.056513845920562744], [0.2335154414176941, 0.6265234351158142], [0.4124048948287964, 0.7906419038772583]], "knots": [-2.542994499206543, -2.542994499206543, 14.598628044128418, 31.740251541137695, 48.881874084472656, 48.881874084472656], "min_knot": -2.542994508743286, "max_knot": 48.88187576293945, "cp_mode": "random", "cp_count": 4, "repeated_start_knots": 2, "repeated_end_knots": 2, "num_knots": 6, "free_knots": 2, "n": 3}