{"dataset": "MNIST", "batch_size": 128, "learning_rate": 0.01, "num_epochs": 5, "seed": 1234, "activation": "B_SPLINE_MUL", "train_losses": [2.297160564963497, 2.2954117565521046, 2.295567566397856, 2.2958898630731905, 2.2961765408261754], "test_losses": [2.2953469813624516, 2.295134550408472, 2.2954423638838755, 2.2957840931566458, 2.2960173661195777], "test_accuracies": [16.6, 11.35, 11.35, 11.35, 11.35], "train_times": [14.86, 15.36, 14.36, 14.55, 13.68], "count_dead_neurons": [], "k": 3, "operation": "MUL", "control_points": [[0.028979241847991943, 0.4018985629081726], [0.25984418392181396, 0.3666413426399231], [0.05830073356628418, 0.7006447315216064], [0.05179738998413086, 0.4681392312049866]], "knots": [-5.010000228881836, -5.010000228881836, -5.010000228881836, 0.0, 5.010000228881836, 5.010000228881836, 5.010000228881836], "min_knot": -5.01, "max_knot": 5.01, "cp_mode": "random", "cp_count": 4, "repeated_start_knots": 3, "repeated_end_knots": 3, "num_knots": 7, "free_knots": 1, "n": 3}