{"dataset": "MNIST", "batch_size": 128, "learning_rate": 0.01, "num_epochs": 5, "seed": 1234, "activation": "B_SPLINE_MUL", "train_losses": [2.2839853712744804, 2.271967443067636, 2.268931835190828, 2.2673367599942793, 2.2652316606883556], "test_losses": [2.2729864331740366, 2.269381523132324, 2.267686846890027, 2.2651363928106765, 2.263386714307568], "test_accuracies": [23.21, 17.52, 17.68, 17.75, 18.52], "train_times": [11.83, 10.94, 10.16, 11.5, 11.53], "count_dead_neurons": [], "k": 2, "operation": "MUL", "control_points": [[0.028979241847991943, 0.4018985629081726], [0.25984418392181396, 0.3666413426399231], [0.05830073356628418, 0.7006447315216064], [0.05179738998413086, 0.4681392312049866]], "knots": [-11.924945831298828, -11.924945831298828, -7.334547519683838, -2.7441492080688477, 1.8462492227554321, 1.8462492227554321], "min_knot": -11.924945602416992, "max_knot": 1.8462492322921753, "cp_mode": "random", "cp_count": 4, "repeated_start_knots": 2, "repeated_end_knots": 2, "num_knots": 6, "free_knots": 2, "n": 3}