{
    "dataset": "MNIST",
    "batch_size": 128,
    "learning_rate": 0.01,
    "num_epochs": 5,
    "seed": 2934,
    "activation": "B_SPLINE_MUL",
    "train_losses": [
        2.2257771237826804,
        2.1866008269507238,
        2.162510823593465,
        2.1376842832260294,
        2.113003762800302
    ],
    "test_losses": [
        2.1962592481057857,
        2.172328535514542,
        2.1468686272826374,
        2.1216094886200336,
        2.0962659527983845
    ],
    "test_accuracies": [
        52.46,
        53.15,
        53.97,
        54.15,
        55.05
    ],
    "train_times": [
        11.28,
        10.6,
        9.34,
        10.64,
        11.98
    ],
    "count_dead_neurons": [],
    "k": 2,
    "operation": "MUL",
    "control_points": [
        [
            0.48105359077453613,
            0.2059534192085266
        ],
        [
            0.742104172706604,
            0.056513845920562744
        ],
        [
            0.2335154414176941,
            0.6265234351158142
        ],
        [
            0.4124048948287964,
            0.7906419038772583
        ]
    ],
    "knots": [
        -5.010000228881836,
        -5.010000228881836,
        -1.6700000762939453,
        1.6700000762939453,
        5.010000228881836,
        5.010000228881836
    ],
    "min_knot": -5.01,
    "max_knot": 5.01,
    "cp_mode": "random",
    "cp_count": 4,
    "repeated_start_knots": 2,
    "repeated_end_knots": 2,
    "num_knots": 6,
    "free_knots": 2,
    "n": 3
}