{"dataset": "MNIST", "batch_size": 128, "learning_rate": 0.01, "num_epochs": 10, "seed": 1234, "activation": "B_SPLINE_MUL", "train_losses": [2.283847500774652, 2.271908369145668, 2.269075113573054, 2.2670242949081127, 2.265292943413578, 2.2636950041439485, 2.26171095386497, 2.2599677480360083, 2.2581502191547647, 2.256447254721798], "test_losses": [2.272995073584062, 2.269133341463306, 2.2668244174764127, 2.2652444084988366, 2.2635513408274592, 2.2615425435802603, 2.2598536225813852, 2.258142483385303, 2.256307291079171, 2.2544091502322425], "test_accuracies": [22.07, 15.21, 16.18, 16.92, 18.73, 19.93, 20.7, 22.56, 23.48, 24.76], "train_times": [17.04, 14.09, 16.47, 14.65, 16.03, 13.43, 16.63, 15.06, 15.38, 14.12], "l2_norms": [0.2078550511706108, 0.17530618864909916, 0.15693333064079143, 0.1493810613054555, 0.14267294941174755, 0.13764652608598046, 0.1366330252056666, 0.13535302472140284, 0.13414652561974066, 0.13287625256941593], "conv_l2_norms": [0.05928603076712359, 0.06178411559142608, 0.05656027347876768, 0.05478310355312678, 0.052361281676704154, 0.050766812363011025, 0.049861264740837095, 0.0497540636539547, 0.049801291495474326, 0.04869571988443097], "fc_l2_norms": [0.19903277229477123, 0.1636011523255075, 0.14568613505410802, 0.13795462808258266, 0.1317882888344812, 0.12696665988889697, 0.12602029470148152, 0.12475538692420728, 0.12339861243355087, 0.12244057190878486], "conv1_l2_norms": [0.014290290927164787, 0.022178010618003487, 0.024560099375077707, 0.0265845783309136, 0.027248088764396678, 0.02755649046925738, 0.02791718236139528, 0.02869359258699033, 0.02932974078774025, 0.028878360621672206], "conv2_l2_norms": [0.05747969651916867, 0.05763129395871434, 0.05092498976747169, 0.04786580006137502, 0.04468045070692479, 0.04257903624618467, 0.04124229176223815, 0.04056310242508216, 0.04015839343553434, 0.03908024221045316], "fc1_l2_norms": [0.1681661401749301, 0.12802270499288662, 0.10422951676639211, 0.09361250513807245, 0.08505306578041462, 0.07892869159125417, 0.07618066475173119, 0.07358537051580498, 0.0711731731858844, 0.06971206628714138], "fc2_l2_norms": [0.10572178135317156, 0.10091435570997462, 0.10113119224974142, 0.10057941136297688, 0.10013863226264218, 0.09896161830872899, 0.09976187935134882, 0.10018952901710104, 0.10024795388334629, 0.10006703923865597], "count_dead_neurons": [], "k": 2, "operation": "MUL", "control_points": [[0.028979241847991943, 0.4018985629081726], [0.25984418392181396, 0.3666413426399231], [0.05830073356628418, 0.7006447315216064], [0.05179738998413086, 0.4681392312049866]], "knots": [-5.010000228881836, -5.010000228881836, -1.6700000762939453, 1.6700000762939453, 5.010000228881836, 5.010000228881836], "min_knot": -5.01, "max_knot": 5.01, "cp_mode": "random", "cp_count": 4, "repeated_start_knots": 2, "repeated_end_knots": 2, "num_knots": 6, "free_knots": 2, "n": 3}