{"dataset": "MNIST", "batch_size": 128, "learning_rate": 0.01, "num_epochs": 5, "seed": 9859283, "activation": "B_SPLINE_MUL", "train_losses": [2.061219493209172, 1.7914067382243142, 1.6106010652554315, 1.4656128115745495, 1.3490763785742492], "test_losses": [1.8919159656838527, 1.6853901525086994, 1.5238932401319094, 1.3927644823170915, 1.283562871474254], "test_accuracies": [66.83, 69.22, 73.32, 74.89, 76.53], "train_times": [11.64, 10.98, 8.95, 12.37, 10.38], "l2_norms": [0.8166329269693109, 0.7030513046884639, 0.6482249082008037, 0.6146456992643855, 0.5796639893718706], "count_dead_neurons": [], "k": 2, "operation": "MUL", "control_points": [[0.5167590975761414, 0.43356209993362427], [0.4973334074020386, 0.41004443168640137], [0.9193550944328308, 0.6096861958503723], [0.5613484382629395, 0.6475276947021484]], "knots": [-5.010000228881836, -5.010000228881836, -1.6700000762939453, 1.6700000762939453, 5.010000228881836, 5.010000228881836], "min_knot": -5.01, "max_knot": 5.01, "cp_mode": "random", "cp_count": 4, "repeated_start_knots": 2, "repeated_end_knots": 2, "num_knots": 6, "free_knots": 2, "n": 3}