{"dataset": "MNIST", "batch_size": 128, "learning_rate": 0.01, "num_epochs": 10, "seed": 9859283, "activation": "B_SPLINE_MUL", "train_losses": [2.2444988405272395, 2.18853689002584, 2.1589146067084535, 2.1327440972521363, 2.1073889976371327, 2.0825871023287905, 2.058138889544554, 2.034677096013067, 2.012110382000775, 1.9902523138375678], "test_losses": [2.204822479924069, 2.169876732403719, 2.142539039442811, 2.1163306266446655, 2.091310102728349, 2.065713769272913, 2.0410310392138324, 2.0179476134384733, 1.9952801963951015, 1.9740322375599342], "test_accuracies": [51.44, 49.35, 47.86, 44.56, 46.23, 45.87, 45.49, 44.38, 49.32, 46.61], "train_times": [17.57, 17.52, 17.77, 17.48, 17.59, 18.44, 18.15, 17.95, 17.36, 19.11], "l2_norms": [0.4669246572103781, 0.41654922343904155, 0.3969859835951501, 0.39017318943859247, 0.3804615078088866, 0.37398850957923, 0.37386692618038364, 0.3691216784506813, 0.36731437891195934, 0.3669966378072208], "conv_l2_norms": [0.13148143072243382, 0.1324036004854752, 0.1278934257669896, 0.12238945888709418, 0.11846130345803838, 0.11512632474213563, 0.11266959093011883, 0.11070000487529848, 0.10825805855162618, 0.10626611082085782], "fc_l2_norms": [0.44737964693562515, 0.39408366295023883, 0.3748928073758188, 0.36958801566181254, 0.36070638796725746, 0.35489504139545397, 0.35568170183392517, 0.35123869070515323, 0.35011846075239117, 0.35047432590676997], "conv1_l2_norms": [0.04114124044748192, 0.0668974994159553, 0.07463371912493671, 0.07602116163270696, 0.07603731947079884, 0.07536494139814898, 0.07448576207298908, 0.07350283709658902, 0.07238681095328232, 0.07138270129934755], "conv2_l2_norms": [0.12426828553952309, 0.11413027686700561, 0.10380635386907346, 0.09587853415604028, 0.09080741866040336, 0.08700686456058997, 0.08450550794234407, 0.0827341595073235, 0.08046133525513871, 0.0786852826215869], "fc1_l2_norms": [0.3067777196462961, 0.21650014808900253, 0.18486925002978216, 0.1712801997542044, 0.1609463273699679, 0.15478200304147724, 0.15189922733431271, 0.1505091501236787, 0.14789188582895477, 0.1476009138278794], "fc2_l2_norms": [0.3234922903178368, 0.3286307183688585, 0.3256575758695479, 0.32701173462092853, 0.3223488328366804, 0.3187404650244205, 0.32102433585582835, 0.31666653823151564, 0.31669316868752867, 0.31714251473138955], "count_dead_neurons": [], "k": 3, "operation": "MUL", "control_points": [[0.5167590975761414, 0.43356209993362427], [0.4973334074020386, 0.41004443168640137], [0.9193550944328308, 0.6096861958503723], [0.5613484382629395, 0.6475276947021484]], "knots": [-5.010000228881836, -5.010000228881836, -5.010000228881836, 0.0, 5.010000228881836, 5.010000228881836, 5.010000228881836], "min_knot": -5.01, "max_knot": 5.01, "cp_mode": "random", "cp_count": 4, "repeated_start_knots": 3, "repeated_end_knots": 3, "num_knots": 7, "free_knots": 1, "n": 3}