{"dataset": "MNIST", "batch_size": 128, "learning_rate": 0.01, "num_epochs": 10, "seed": 9859283, "activation": "B_SPLINE_MUL", "train_losses": [2.061219493209172, 1.7914067382243142, 1.6106010652554315, 1.4656128115745495, 1.3490763785742492, 1.2521138320853715, 1.170645687371683, 1.10292068854578, 1.043954299838304, 0.9925027252006124], "test_losses": [1.8919159656838527, 1.6853901525086994, 1.5238932401319094, 1.3927644823170915, 1.283562871474254, 1.196142160439793, 1.1223438314244718, 1.0588560368441329, 1.0033349817312216, 0.9551580895351458], "test_accuracies": [66.83, 69.22, 73.32, 74.89, 76.53, 78.43, 79.65, 80.47, 81.76, 81.84], "train_times": [13.06, 13.92, 13.67, 14.67, 15.5, 14.82, 13.79, 14.25, 14.47, 14.25], "l2_norms": [0.8166329269693109, 0.7030513046884639, 0.6482249082008037, 0.6146456992643855, 0.5796639893718706, 0.5504354881618929, 0.5308457931104795, 0.5079654722461393, 0.49366958176113557, 0.4833164249901127], "conv_l2_norms": [0.27777598104320833, 0.25963558734963244, 0.23965861616180145, 0.21956924855286444, 0.20184855072603441, 0.18555461670914106, 0.17310575995182498, 0.1583335367968595, 0.14840500666900314, 0.14078755878951685], "fc_l2_norms": [0.7662364985757534, 0.6502501268922779, 0.5990037695694481, 0.5705167522084682, 0.5401259000165739, 0.514796923857605, 0.49874858101342506, 0.47981948231673105, 0.4681765884189344, 0.4601667024989419], "conv1_l2_norms": [0.10116722789966114, 0.13987525855764102, 0.14074165572173652, 0.1330063028682196, 0.12467368888241595, 0.11549903764192472, 0.10812785634784232, 0.0994736338989833, 0.0927426614252454, 0.08802388266672223], "conv2_l2_norms": [0.25696225544360274, 0.21795816179694216, 0.19321050339529958, 0.1739386140435998, 0.15803883280248723, 0.14451126050385277, 0.13445145744328563, 0.1225811063846637, 0.11517394840388966, 0.1092377538236343], "fc1_l2_norms": [0.6690450477938009, 0.5302967285873392, 0.48323148718483283, 0.46080687673450516, 0.43674023598704437, 0.4174300162761779, 0.40337872065439423, 0.39009770105341846, 0.38157352615889223, 0.3768847486323645], "fc2_l2_norms": [0.36958676219563397, 0.37269493618364385, 0.3506262641478971, 0.3332830719421268, 0.31495627194025233, 0.2982859838441358, 0.29018557658001404, 0.276285399710898, 0.2683725027056538, 0.26120350846781354], "count_dead_neurons": [], "k": 2, "operation": "MUL", "control_points": [[0.5167590975761414, 0.43356209993362427], [0.4973334074020386, 0.41004443168640137], [0.9193550944328308, 0.6096861958503723], [0.5613484382629395, 0.6475276947021484]], "knots": [-5.010000228881836, -5.010000228881836, -1.6700000762939453, 1.6700000762939453, 5.010000228881836, 5.010000228881836], "min_knot": -5.01, "max_knot": 5.01, "cp_mode": "random", "cp_count": 4, "repeated_start_knots": 2, "repeated_end_knots": 2, "num_knots": 6, "free_knots": 2, "n": 3}