{"top_3_accuracies": {"1.": {"Model": "TANH", "Accuracy": 97.95, "Time": 7.81, "Loss": 0.07763182767815809, "L2 Norm": 0.9904502493566787, "Conv L2 Norm": 0.2582030785287624, "FC L2 Norm": 0.9541253001751332, "seed": "002", "k": null}, "2.": {"Model": "RELU", "Accuracy": 97.81, "Time": 8.77, "Loss": 0.0753643351561352, "L2 Norm": 1.2636235525245771, "Conv L2 Norm": 0.3537877314727546, "FC L2 Norm": 1.2105608416956402, "seed": "002", "k": null}, "3.": {"Model": "LEAKY_RELU", "Accuracy": 97.73, "Time": 8.76, "Loss": 0.07549234954262975, "L2 Norm": 1.2793413503837663, "Conv L2 Norm": 0.3055838872076614, "FC L2 Norm": 1.2398315737322785, "seed": "002", "k": null}}, "top_3_times": {"1.": {"Model": "SIGMOID", "Accuracy": 95.32, "Time": 6.67, "Loss": 0.18789740518402698, "L2 Norm": 0.9162806961655308, "Conv L2 Norm": 0.1752538241208027, "FC L2 Norm": 0.8982405726432412, "seed": "002", "k": null}, "2.": {"Model": "TANH", "Accuracy": 97.95, "Time": 7.81, "Loss": 0.07763182767815809, "L2 Norm": 0.9904502493566787, "Conv L2 Norm": 0.2582030785287624, "FC L2 Norm": 0.9541253001751332, "seed": "002", "k": null}, "3.": {"Model": "LEAKY_RELU", "Accuracy": 97.73, "Time": 8.76, "Loss": 0.07549234954262975, "L2 Norm": 1.2793413503837663, "Conv L2 Norm": 0.3055838872076614, "FC L2 Norm": 1.2398315737322785, "seed": "002", "k": null}}, "top_3_losses": {"1.": {"Model": "RELU", "Accuracy": 97.81, "Time": 8.77, "Loss": 0.0753643351561352, "L2 Norm": 1.2636235525245771, "Conv L2 Norm": 0.3537877314727546, "FC L2 Norm": 1.2105608416956402, "seed": "002", "k": null}, "2.": {"Model": "LEAKY_RELU", "Accuracy": 97.73, "Time": 8.76, "Loss": 0.07549234954262975, "L2 Norm": 1.2793413503837663, "Conv L2 Norm": 0.3055838872076614, "FC L2 Norm": 1.2398315737322785, "seed": "002", "k": null}, "3.": {"Model": "TANH", "Accuracy": 97.95, "Time": 7.81, "Loss": 0.07763182767815809, "L2 Norm": 0.9904502493566787, "Conv L2 Norm": 0.2582030785287624, "FC L2 Norm": 0.9541253001751332, "seed": "002", "k": null}}, "top_3_l2_norms": {"1.": {"Model": "B_SPLINE_DIF", "Accuracy": 11.35, "Time": 18.5, "Loss": 2.2956080868808444, "L2 Norm": 0.12284763377420921, "Conv L2 Norm": 0.02841257045980165, "FC L2 Norm": 0.11836705912246392, "seed": "002", "k": 3}, "2.": {"Model": "B_SPLINE_DIF", "Accuracy": 39.39, "Time": 12.94, "Loss": 2.1904305217108493, "L2 Norm": 0.20939636376174334, "Conv L2 Norm": 0.08622546406871323, "FC L2 Norm": 0.1881039717788003, "seed": "002", "k": 2}, "3.": {"Model": "B_SPLINE_MUL", "Accuracy": 46.61, "Time": 19.11, "Loss": 1.9902523138375678, "L2 Norm": 0.3669966378072208, "Conv L2 Norm": 0.10626611082085782, "FC L2 Norm": 0.35047432590676997, "seed": "002", "k": 3}}, "top_3_conv_l2_norms": {"1.": {"Model": "B_SPLINE_DIF", "Accuracy": 11.35, "Time": 18.5, "Loss": 2.2956080868808444, "L2 Norm": 0.12284763377420921, "Conv L2 Norm": 0.02841257045980165, "FC L2 Norm": 0.11836705912246392, "seed": "002", "k": 3}, "2.": {"Model": "B_SPLINE_MIN", "Accuracy": 20.17, "Time": 19.33, "Loss": 2.281978191343198, "L2 Norm": 0.43116593708588186, "Conv L2 Norm": 0.030197507978988503, "FC L2 Norm": 0.4300003536844889, "seed": "002", "k": 3}, "3.": {"Model": "B_SPLINE_X", "Accuracy": 28.82, "Time": 12.81, "Loss": 2.2495820908658284, "L2 Norm": 0.5402372438829489, "Conv L2 Norm": 0.05101560173020792, "FC L2 Norm": 0.5374526133176509, "seed": "002", "k": 3}}, "top_3_fc_l2_norms": {"1.": {"Model": "B_SPLINE_DIF", "Accuracy": 11.35, "Time": 18.5, "Loss": 2.2956080868808444, "L2 Norm": 0.12284763377420921, "Conv L2 Norm": 0.02841257045980165, "FC L2 Norm": 0.11836705912246392, "seed": "002", "k": 3}, "2.": {"Model": "B_SPLINE_DIF", "Accuracy": 39.39, "Time": 12.94, "Loss": 2.1904305217108493, "L2 Norm": 0.20939636376174334, "Conv L2 Norm": 0.08622546406871323, "FC L2 Norm": 0.1881039717788003, "seed": "002", "k": 2}, "3.": {"Model": "B_SPLINE_MUL", "Accuracy": 46.61, "Time": 19.11, "Loss": 1.9902523138375678, "L2 Norm": 0.3669966378072208, "Conv L2 Norm": 0.10626611082085782, "FC L2 Norm": 0.35047432590676997, "seed": "002", "k": 3}}}