{"top_3_accuracies": {"1.": {"Model": "RELU", "Accuracy": 96.97, "Time": 6.51, "Loss": 0.12666309441425908, "L2 Norm": 1.4548604754502312, "seed": "001", "k": null}, "2.": {"Model": "TANH", "Accuracy": 96.87, "Time": 6.47, "Loss": 0.13298152596044388, "L2 Norm": 1.2368232419329697, "seed": "001", "k": null}, "3.": {"Model": "LEAKY_RELU", "Accuracy": 96.86, "Time": 6.26, "Loss": 0.1272316474967928, "L2 Norm": 1.41280330222073, "seed": "001", "k": null}}, "top_3_times": {"1.": {"Model": "LEAKY_RELU", "Accuracy": 96.86, "Time": 6.26, "Loss": 0.1272316474967928, "L2 Norm": 1.41280330222073, "seed": "001", "k": null}, "2.": {"Model": "SIGMOID", "Accuracy": 92.56, "Time": 6.42, "Loss": 0.3463274156297448, "L2 Norm": 0.8393336211494058, "seed": "001", "k": null}, "3.": {"Model": "TANH", "Accuracy": 96.87, "Time": 6.47, "Loss": 0.13298152596044388, "L2 Norm": 1.2368232419329697, "seed": "001", "k": null}}, "top_3_losses": {"1.": {"Model": "RELU", "Accuracy": 96.97, "Time": 6.51, "Loss": 0.12666309441425908, "L2 Norm": 1.4548604754502312, "seed": "001", "k": null}, "2.": {"Model": "LEAKY_RELU", "Accuracy": 96.86, "Time": 6.26, "Loss": 0.1272316474967928, "L2 Norm": 1.41280330222073, "seed": "001", "k": null}, "3.": {"Model": "TANH", "Accuracy": 96.87, "Time": 6.47, "Loss": 0.13298152596044388, "L2 Norm": 1.2368232419329697, "seed": "001", "k": null}}, "top_3_l2_norms": {"1.": {"Model": "B_SPLINE_MUL", "Accuracy": 11.35, "Time": 12.34, "Loss": 2.2961765408261754, "L2 Norm": 0.09208079547614897, "seed": "001", "k": 3}, "2.": {"Model": "B_SPLINE_X", "Accuracy": 11.35, "Time": 10.76, "Loss": 2.2981279267431067, "L2 Norm": 0.10064139219103294, "seed": "001", "k": 3}, "3.": {"Model": "B_SPLINE_MIN", "Accuracy": 11.35, "Time": 15.98, "Loss": 2.2981279267431067, "L2 Norm": 0.10064139219103294, "seed": "001", "k": 3}}}