{"top_3_accuracies": {"1.": {"Model": "TANH", "Accuracy": 96.87, "Time": 6.82, "Loss": 0.1315491571545855, "L2 Norm": 1.0823736625648774, "seed": "002", "k": null}, "2.": {"Model": "RELU", "Accuracy": 96.77, "Time": 6.51, "Loss": 0.1351935276503502, "L2 Norm": 1.5370595090181702, "seed": "002", "k": null}, "3.": {"Model": "LEAKY_RELU", "Accuracy": 96.68, "Time": 6.82, "Loss": 0.13896403213077263, "L2 Norm": 1.5286681810319673, "seed": "002", "k": null}}, "top_3_times": {"1.": {"Model": "SIGMOID", "Accuracy": 91.99, "Time": 6.48, "Loss": 0.37249212179865154, "L2 Norm": 0.9234068762902481, "seed": "002", "k": null}, "2.": {"Model": "RELU", "Accuracy": 96.77, "Time": 6.51, "Loss": 0.1351935276503502, "L2 Norm": 1.5370595090181702, "seed": "002", "k": null}, "3.": {"Model": "TANH", "Accuracy": 96.87, "Time": 6.82, "Loss": 0.1315491571545855, "L2 Norm": 1.0823736625648774, "seed": "002", "k": null}}, "top_3_losses": {"1.": {"Model": "TANH", "Accuracy": 96.87, "Time": 6.82, "Loss": 0.1315491571545855, "L2 Norm": 1.0823736625648774, "seed": "002", "k": null}, "2.": {"Model": "RELU", "Accuracy": 96.77, "Time": 6.51, "Loss": 0.1351935276503502, "L2 Norm": 1.5370595090181702, "seed": "002", "k": null}, "3.": {"Model": "LEAKY_RELU", "Accuracy": 96.68, "Time": 6.82, "Loss": 0.13896403213077263, "L2 Norm": 1.5286681810319673, "seed": "002", "k": null}}, "top_3_l2_norms": {"1.": {"Model": "B_SPLINE_DIF", "Accuracy": 11.35, "Time": 12.17, "Loss": 2.297412679139485, "L2 Norm": 0.12362462312598249, "seed": "002", "k": 3}, "2.": {"Model": "B_SPLINE_DIF", "Accuracy": 33.67, "Time": 11.12, "Loss": 2.2133381737829017, "L2 Norm": 0.22894435093612042, "seed": "002", "k": 2}, "3.": {"Model": "B_SPLINE_MUL", "Accuracy": 46.23, "Time": 14.6, "Loss": 2.1073889976371327, "L2 Norm": 0.3804615078088866, "seed": "002", "k": 3}}}