{
    "top_3_accuracies": {
        "1.": {
            "Model": "LEAKY_RELU",
            "Accuracy": 96.48,
            "Time": 6.67,
            "Loss": 0.1367883140614419,
            "L2 Norm": 1.5356342405007453,
            "seed": "000",
            "k": null
        },
        "2.": {
            "Model": "RELU",
            "Accuracy": 96.45,
            "Time": 6.41,
            "Loss": 0.14160152391266467,
            "L2 Norm": 1.5941606932987933,
            "seed": "000",
            "k": null
        },
        "3.": {
            "Model": "TANH",
            "Accuracy": 96.4,
            "Time": 6.47,
            "Loss": 0.15051071474483527,
            "L2 Norm": 1.254647170285381,
            "seed": "000",
            "k": null
        }
    },
    "top_3_times": {
        "1.": {
            "Model": "RELU",
            "Accuracy": 96.45,
            "Time": 6.41,
            "Loss": 0.14160152391266467,
            "L2 Norm": 1.5941606932987933,
            "seed": "000",
            "k": null
        },
        "2.": {
            "Model": "TANH",
            "Accuracy": 96.4,
            "Time": 6.47,
            "Loss": 0.15051071474483527,
            "L2 Norm": 1.254647170285381,
            "seed": "000",
            "k": null
        },
        "3.": {
            "Model": "SIGMOID",
            "Accuracy": 91.98,
            "Time": 6.53,
            "Loss": 0.3692483633820182,
            "L2 Norm": 1.0132303032123255,
            "seed": "000",
            "k": null
        }
    },
    "top_3_losses": {
        "1.": {
            "Model": "LEAKY_RELU",
            "Accuracy": 96.48,
            "Time": 6.67,
            "Loss": 0.1367883140614419,
            "L2 Norm": 1.5356342405007453,
            "seed": "000",
            "k": null
        },
        "2.": {
            "Model": "RELU",
            "Accuracy": 96.45,
            "Time": 6.41,
            "Loss": 0.14160152391266467,
            "L2 Norm": 1.5941606932987933,
            "seed": "000",
            "k": null
        },
        "3.": {
            "Model": "TANH",
            "Accuracy": 96.4,
            "Time": 6.47,
            "Loss": 0.15051071474483527,
            "L2 Norm": 1.254647170285381,
            "seed": "000",
            "k": null
        }
    },
    "top_3_l2_norms": {
        "1.": {
            "Model": "B_SPLINE_MUL",
            "Accuracy": 11.45,
            "Time": 13.21,
            "Loss": 2.2858412860553146,
            "L2 Norm": 0.13572384292373968,
            "seed": "000",
            "k": 3
        },
        "2.": {
            "Model": "B_SPLINE_MUL",
            "Accuracy": 55.05,
            "Time": 10.45,
            "Loss": 2.113003762800302,
            "L2 Norm": 0.33375854542279043,
            "seed": "000",
            "k": 2
        },
        "3.": {
            "Model": "B_SPLINE_X",
            "Accuracy": 32.6,
            "Time": 11.47,
            "Loss": 2.190200752286769,
            "L2 Norm": 0.41108972114915593,
            "seed": "000",
            "k": 3
        }
    }
}