{"top_3_accuracies": {"1.": {"Model": "RELU", "Accuracy": 98.07, "Time": 6.92, "Loss": 0.07204179454650451, "L2 Norm": 1.2117373940855458, "Conv L2 Norm": 0.35219222946380074, "FC L2 Norm": 1.15604157268578, "seed": "001", "k": null}, "2.": {"Model": "TANH", "Accuracy": 98.04, "Time": 7.87, "Loss": 0.07703331996128758, "L2 Norm": 1.0521623273134615, "Conv L2 Norm": 0.29471643436241135, "FC L2 Norm": 1.0069505119281077, "seed": "001", "k": null}, "3.": {"Model": "LEAKY_RELU", "Accuracy": 97.95, "Time": 8.16, "Loss": 0.07366460886225899, "L2 Norm": 1.2102458924335142, "Conv L2 Norm": 0.28043737267430396, "FC L2 Norm": 1.1753037450766217, "seed": "001", "k": null}}, "top_3_times": {"1.": {"Model": "RELU", "Accuracy": 98.07, "Time": 6.92, "Loss": 0.07204179454650451, "L2 Norm": 1.2117373940855458, "Conv L2 Norm": 0.35219222946380074, "FC L2 Norm": 1.15604157268578, "seed": "001", "k": null}, "2.": {"Model": "TANH", "Accuracy": 98.04, "Time": 7.87, "Loss": 0.07703331996128758, "L2 Norm": 1.0521623273134615, "Conv L2 Norm": 0.29471643436241135, "FC L2 Norm": 1.0069505119281077, "seed": "001", "k": null}, "3.": {"Model": "SIGMOID", "Accuracy": 95.67, "Time": 8.11, "Loss": 0.17536564566878113, "L2 Norm": 0.8092754755597789, "Conv L2 Norm": 0.15746776363826495, "FC L2 Norm": 0.7927498951441564, "seed": "001", "k": null}}, "top_3_losses": {"1.": {"Model": "RELU", "Accuracy": 98.07, "Time": 6.92, "Loss": 0.07204179454650451, "L2 Norm": 1.2117373940855458, "Conv L2 Norm": 0.35219222946380074, "FC L2 Norm": 1.15604157268578, "seed": "001", "k": null}, "2.": {"Model": "LEAKY_RELU", "Accuracy": 97.95, "Time": 8.16, "Loss": 0.07366460886225899, "L2 Norm": 1.2102458924335142, "Conv L2 Norm": 0.28043737267430396, "FC L2 Norm": 1.1753037450766217, "seed": "001", "k": null}, "3.": {"Model": "TANH", "Accuracy": 98.04, "Time": 7.87, "Loss": 0.07703331996128758, "L2 Norm": 1.0521623273134615, "Conv L2 Norm": 0.29471643436241135, "FC L2 Norm": 1.0069505119281077, "seed": "001", "k": null}}, "top_3_l2_norms": {"1.": {"Model": "B_SPLINE_MUL", "Accuracy": 11.35, "Time": 22.37, "Loss": 2.296925208207641, "L2 Norm": 0.08877482114252287, "Conv L2 Norm": 0.00955154193920458, "FC L2 Norm": 0.08819979882666877, "seed": "001", "k": 3}, "2.": {"Model": "B_SPLINE_X", "Accuracy": 11.35, "Time": 15.75, "Loss": 2.2980211502961767, "L2 Norm": 0.09927096116767388, "Conv L2 Norm": 0.016518086680615537, "FC L2 Norm": 0.09756343683482224, "seed": "001", "k": 3}, "3.": {"Model": "B_SPLINE_MIN", "Accuracy": 11.35, "Time": 20.77, "Loss": 2.2980211502961767, "L2 Norm": 0.09927096116767388, "Conv L2 Norm": 0.016518086680615537, "FC L2 Norm": 0.09756343683482224, "seed": "001", "k": 3}}, "top_3_conv_l2_norms": {"1.": {"Model": "B_SPLINE_MUL", "Accuracy": 11.35, "Time": 22.37, "Loss": 2.296925208207641, "L2 Norm": 0.08877482114252287, "Conv L2 Norm": 0.00955154193920458, "FC L2 Norm": 0.08819979882666877, "seed": "001", "k": 3}, "2.": {"Model": "B_SPLINE_X", "Accuracy": 11.35, "Time": 15.75, "Loss": 2.2980211502961767, "L2 Norm": 0.09927096116767388, "Conv L2 Norm": 0.016518086680615537, "FC L2 Norm": 0.09756343683482224, "seed": "001", "k": 3}, "3.": {"Model": "B_SPLINE_MIN", "Accuracy": 11.35, "Time": 20.77, "Loss": 2.2980211502961767, "L2 Norm": 0.09927096116767388, "Conv L2 Norm": 0.016518086680615537, "FC L2 Norm": 0.09756343683482224, "seed": "001", "k": 3}}, "top_3_fc_l2_norms": {"1.": {"Model": "B_SPLINE_MUL", "Accuracy": 11.35, "Time": 22.37, "Loss": 2.296925208207641, "L2 Norm": 0.08877482114252287, "Conv L2 Norm": 0.00955154193920458, "FC L2 Norm": 0.08819979882666877, "seed": "001", "k": 3}, "2.": {"Model": "B_SPLINE_X", "Accuracy": 11.35, "Time": 15.75, "Loss": 2.2980211502961767, "L2 Norm": 0.09927096116767388, "Conv L2 Norm": 0.016518086680615537, "FC L2 Norm": 0.09756343683482224, "seed": "001", "k": 3}, "3.": {"Model": "B_SPLINE_MIN", "Accuracy": 11.35, "Time": 20.77, "Loss": 2.2980211502961767, "L2 Norm": 0.09927096116767388, "Conv L2 Norm": 0.016518086680615537, "FC L2 Norm": 0.09756343683482224, "seed": "001", "k": 3}}}