{"top_3_accuracies": {"1.": {"Model": "RELU", "Accuracy": 97.99, "Time": 6.79, "Loss": 0.07437325832940368, "L2 Norm": 1.2941479376984506, "Conv L2 Norm": 0.3460456636629953, "FC L2 Norm": 1.2443028072923394, "seed": "000", "k": null}, "2.": {"Model": "LEAKY_RELU", "Accuracy": 97.99, "Time": 5.12, "Loss": 0.0737421360256067, "L2 Norm": 1.2486142164483596, "Conv L2 Norm": 0.3382821236893748, "FC L2 Norm": 1.199532932543313, "seed": "000", "k": null}, "3.": {"Model": "TANH", "Accuracy": 97.82, "Time": 5.15, "Loss": 0.08078909973536473, "L2 Norm": 1.078668621276287, "Conv L2 Norm": 0.29079481164274984, "FC L2 Norm": 1.0364828115750189, "seed": "000", "k": null}}, "top_3_times": {"1.": {"Model": "LEAKY_RELU", "Accuracy": 97.99, "Time": 5.12, "Loss": 0.0737421360256067, "L2 Norm": 1.2486142164483596, "Conv L2 Norm": 0.3382821236893748, "FC L2 Norm": 1.199532932543313, "seed": "000", "k": null}, "2.": {"Model": "TANH", "Accuracy": 97.82, "Time": 5.15, "Loss": 0.08078909973536473, "L2 Norm": 1.078668621276287, "Conv L2 Norm": 0.29079481164274984, "FC L2 Norm": 1.0364828115750189, "seed": "000", "k": null}, "3.": {"Model": "SIGMOID", "Accuracy": 95.26, "Time": 6.59, "Loss": 0.19184126071075894, "L2 Norm": 1.002985418091482, "Conv L2 Norm": 0.16828614257095603, "FC L2 Norm": 0.9881048419333157, "seed": "000", "k": null}}, "top_3_losses": {"1.": {"Model": "LEAKY_RELU", "Accuracy": 97.99, "Time": 5.12, "Loss": 0.0737421360256067, "L2 Norm": 1.2486142164483596, "Conv L2 Norm": 0.3382821236893748, "FC L2 Norm": 1.199532932543313, "seed": "000", "k": null}, "2.": {"Model": "RELU", "Accuracy": 97.99, "Time": 6.79, "Loss": 0.07437325832940368, "L2 Norm": 1.2941479376984506, "Conv L2 Norm": 0.3460456636629953, "FC L2 Norm": 1.2443028072923394, "seed": "000", "k": null}, "3.": {"Model": "TANH", "Accuracy": 97.82, "Time": 5.15, "Loss": 0.08078909973536473, "L2 Norm": 1.078668621276287, "Conv L2 Norm": 0.29079481164274984, "FC L2 Norm": 1.0364828115750189, "seed": "000", "k": null}}, "top_3_l2_norms": {"1.": {"Model": "B_SPLINE_MUL", "Accuracy": 11.35, "Time": 17.61, "Loss": 2.290240947117429, "L2 Norm": 0.1277280543299935, "Conv L2 Norm": 0.02153025893731336, "FC L2 Norm": 0.12575867375047034, "seed": "000", "k": 3}, "2.": {"Model": "B_SPLINE_MUL", "Accuracy": 57.82, "Time": 10.28, "Loss": 1.9888574047637646, "L2 Norm": 0.31803293279551675, "Conv L2 Norm": 0.15371055544142903, "FC L2 Norm": 0.2747987475453329, "seed": "000", "k": 2}, "3.": {"Model": "B_SPLINE_Y", "Accuracy": 69.38, "Time": 10.52, "Loss": 1.3911022718018815, "L2 Norm": 0.34518084210101474, "Conv L2 Norm": 0.14555965179283692, "FC L2 Norm": 0.31178312155667276, "seed": "000", "k": 3}}, "top_3_conv_l2_norms": {"1.": {"Model": "B_SPLINE_MUL", "Accuracy": 11.35, "Time": 17.61, "Loss": 2.290240947117429, "L2 Norm": 0.1277280543299935, "Conv L2 Norm": 0.02153025893731336, "FC L2 Norm": 0.12575867375047034, "seed": "000", "k": 3}, "2.": {"Model": "B_SPLINE_SUM", "Accuracy": 18.31, "Time": 15.24, "Loss": 2.2836722992122303, "L2 Norm": 0.6865002667554612, "Conv L2 Norm": 0.034937944807151226, "FC L2 Norm": 0.685446096362801, "seed": "000", "k": 3}, "3.": {"Model": "B_SPLINE_SUM", "Accuracy": 21.73, "Time": 11.98, "Loss": 2.24564790725708, "L2 Norm": 0.6969939322558805, "Conv L2 Norm": 0.0778788713169679, "FC L2 Norm": 0.6916559119808435, "seed": "000", "k": 2}}, "top_3_fc_l2_norms": {"1.": {"Model": "B_SPLINE_MUL", "Accuracy": 11.35, "Time": 17.61, "Loss": 2.290240947117429, "L2 Norm": 0.1277280543299935, "Conv L2 Norm": 0.02153025893731336, "FC L2 Norm": 0.12575867375047034, "seed": "000", "k": 3}, "2.": {"Model": "B_SPLINE_MUL", "Accuracy": 57.82, "Time": 10.28, "Loss": 1.9888574047637646, "L2 Norm": 0.31803293279551675, "Conv L2 Norm": 0.15371055544142903, "FC L2 Norm": 0.2747987475453329, "seed": "000", "k": 2}, "3.": {"Model": "B_SPLINE_Y", "Accuracy": 69.38, "Time": 10.52, "Loss": 1.3911022718018815, "L2 Norm": 0.34518084210101474, "Conv L2 Norm": 0.14555965179283692, "FC L2 Norm": 0.31178312155667276, "seed": "000", "k": 3}}}