{"dataset": "MNIST", "batch_size": 128, "learning_rate": 0.01, "num_epochs": 10, "activation": "RELU", "seed": 1234, "train_losses": [1.2840727695396967, 0.29713222957941005, 0.2035997038933514, 0.15583259318429016, 0.12704177141221348, 0.10762202695234498, 0.09487938888466307, 0.08538982178817299, 0.07780967159931466, 0.07215081820927703], "test_losses": [0.3770935108201413, 0.22101979707426664, 0.15680989030088427, 0.12792038893963717, 0.10672829089143986, 0.09027139478822864, 0.0807582679723354, 0.07746866066598251, 0.0651770838111922, 0.06515358634222346], "test_accuracies": [90.16, 93.75, 95.45, 96.23, 96.84, 97.46, 97.63, 97.68, 98.03, 97.91], "train_times": [5.9, 5.8, 5.94, 5.03, 5.89, 5.91, 5.79, 5.78, 5.63, 4.73], "count_dead_neurons": []}