{"dataset": "MNIST", "batch_size": 128, "learning_rate": 0.01, "num_epochs": 10, "seed": 1234, "activation": "RELU", "train_losses": [1.2850109756247068, 0.29842518594092143, 0.20264532904762195, 0.15573352240899732, 0.12666309441425908, 0.10816193507043029, 0.09463993522292896, 0.0851952729941304, 0.07744224882845495, 0.07204179454650451], "test_losses": [0.3803720952400678, 0.21603459756396995, 0.15916151719615806, 0.1271258869173029, 0.1076667769753103, 0.08960721990140745, 0.08047418229435158, 0.07250207779292442, 0.06418818976329285, 0.06354300554287678], "test_accuracies": [89.79, 93.75, 95.49, 96.26, 96.97, 97.28, 97.6, 97.78, 98.17, 98.07], "train_times": [6.51, 6.32, 4.33, 6.79, 7.21, 7.5, 5.36, 6.33, 6.67, 6.92], "l2_norms": [1.5530918993263028, 1.9649908103560674, 1.6932707969286287, 1.542757143182176, 1.4548604754502312, 1.3758695323858139, 1.3049689454537317, 1.2531781007454885, 1.1981721678490265, 1.2117373940855458], "conv_l2_norms": [0.45848436368731005, 0.3730251069830644, 0.35883811837052954, 0.35742944275671334, 0.37347098571681586, 0.35897788982375395, 0.3510007465865358, 0.35533558299288603, 0.33515421210042956, 0.35219222946380074], "fc_l2_norms": [1.4741101584264078, 1.9270286653850786, 1.6524814819306421, 1.4978750127925793, 1.402624530615194, 1.32526985016438, 1.2538683327287394, 1.198631628415025, 1.1474283603083977, 1.15604157268578], "conv1_l2_norms": [0.17720378991887573, 0.11617198972617013, 0.10227765463794418, 0.10034839977768858, 0.10516497102703394, 0.10087196507947528, 0.09882669406960269, 0.10041693445614887, 0.09434706031842233, 0.09953634535759147], "conv2_l2_norms": [0.42082745905322927, 0.3540626999750268, 0.3437317641695071, 0.342899868920648, 0.3582162486265364, 0.34436334234959154, 0.336620466987733, 0.3406769089515398, 0.3214416218995181, 0.3376730096043525], "fc1_l2_norms": [1.3125401135508858, 1.700072651402419, 1.4820687140882811, 1.354090587708772, 1.276139186363621, 1.2104389545715772, 1.1484241013625807, 1.1027067029717985, 1.0582303637019408, 1.0681372928212804], "fc2_l2_norms": [0.6580836490979257, 0.9051615548492572, 0.7293290390726235, 0.6389425954048256, 0.5807244158214323, 0.5383254133591636, 0.502089230440531, 0.4686988088593897, 0.44247751890445103, 0.4409643253370279], "count_dead_neurons": [], "k": 3, "operation": "MIN", "control_points": [[0.48105359077453613, 0.2059534192085266], [0.742104172706604, 0.056513845920562744], [0.2335154414176941, 0.6265234351158142], [0.4124048948287964, 0.7906419038772583]], "knots": [-5.010000228881836, -5.010000228881836, -5.010000228881836, 0.0, 5.010000228881836, 5.010000228881836, 5.010000228881836], "min_knot": -5.01, "max_knot": 5.01, "cp_mode": "random", "cp_count": 4, "repeated_start_knots": 3, "repeated_end_knots": 3, "num_knots": 7, "free_knots": 1, "n": 3}