{"dataset": "MNIST", "batch_size": 128, "learning_rate": 0.01, "num_epochs": 5, "seed": 1234, "activation": "RELU", "train_losses": [1.2850109756247068, 0.29842518594092143, 0.20264532904762195, 0.15573352240899732, 0.12666309441425908], "test_losses": [0.3803720952400678, 0.21603459756396995, 0.15916151719615806, 0.1271258869173029, 0.1076667769753103], "test_accuracies": [89.79, 93.75, 95.49, 96.26, 96.97], "train_times": [6.04, 7.83, 6.42, 6.18, 6.51], "l2_norms": [1.5530918993263028, 1.9649908103560674, 1.6932707969286287, 1.542757143182176, 1.4548604754502312], "count_dead_neurons": [], "k": 3, "operation": "MIN", "control_points": [[0.48105359077453613, 0.2059534192085266], [0.742104172706604, 0.056513845920562744], [0.2335154414176941, 0.6265234351158142], [0.4124048948287964, 0.7906419038772583]], "knots": [-5.010000228881836, -5.010000228881836, -5.010000228881836, 0.0, 5.010000228881836, 5.010000228881836, 5.010000228881836], "min_knot": -5.01, "max_knot": 5.01, "cp_mode": "random", "cp_count": 4, "repeated_start_knots": 3, "repeated_end_knots": 3, "num_knots": 7, "free_knots": 1, "n": 3}