{"dataset": "MNIST", "batch_size": 128, "learning_rate": 0.01, "num_epochs": 10, "activation": "RELU", "seed": 2934, "train_losses": [1.2832960562665325, 0.3350386156170353, 0.23384720876590528, 0.1785613386107406, 0.14224204009593422, 0.11797750708279706, 0.10190342467572135, 0.09045379909116831, 0.08134672318750036, 0.07469733925198695], "test_losses": [0.42082450284233575, 0.25508826124611533, 0.18862333265427925, 0.15789678197094723, 0.11777901713135122, 0.10143641617054804, 0.08731688368075256, 0.07563120883276474, 0.0728982198022636, 0.06413535177678199], "test_accuracies": [88.51, 92.7, 94.67, 95.2, 96.4, 96.99, 97.36, 97.77, 97.78, 98.1], "train_times": [5.63, 5.57, 4.86, 5.75, 5.65, 5.67, 5.7, 5.67, 4.87, 5.78], "count_dead_neurons": []}