{"dataset": "MNIST", "batch_size": 128, "learning_rate": 0.01, "num_epochs": 5, "seed": 9859283, "activation": "RELU", "train_losses": [1.3801527857653368, 0.33075675813119804, 0.22078030688294978, 0.16678291654535957, 0.1351935276503502], "test_losses": [0.46191578650776344, 0.23673909360283538, 0.1721447011738827, 0.13478956593176986, 0.10991422383444785], "test_accuracies": [85.02, 93.32, 95.05, 96.31, 96.77], "train_times": [6.27, 5.98, 6.35, 8.03, 6.51], "l2_norms": [1.8200841361898326, 2.579955083185307, 2.033135628109132, 1.7028787530876115, 1.5370595090181702], "count_dead_neurons": [], "k": 3, "operation": "MIN", "control_points": [[0.028979241847991943, 0.4018985629081726], [0.25984418392181396, 0.3666413426399231], [0.05830073356628418, 0.7006447315216064], [0.05179738998413086, 0.4681392312049866]], "knots": [-5.010000228881836, -5.010000228881836, -5.010000228881836, 0.0, 5.010000228881836, 5.010000228881836, 5.010000228881836], "min_knot": -5.01, "max_knot": 5.01, "cp_mode": "random", "cp_count": 4, "repeated_start_knots": 3, "repeated_end_knots": 3, "num_knots": 7, "free_knots": 1, "n": 3}