{"dataset": "MNIST", "batch_size": 128, "learning_rate": 0.01, "num_epochs": 10, "activation": "RELU", "seed": 9859283, "train_losses": [1.3828405469719536, 0.329212280161091, 0.2207734236743913, 0.1675224146450252, 0.13608680229419584, 0.11470765691560342, 0.10027052464086746, 0.08968759357516191, 0.08117798440206025, 0.07529533762079693], "test_losses": [0.43153908047117767, 0.2350116293358652, 0.1802771317572156, 0.13250426449400338, 0.11369171926657422, 0.09257170673506925, 0.08466865278815827, 0.07885965590565643, 0.07216596708314706, 0.06852932027806351], "test_accuracies": [87.98, 93.1, 94.7, 96.1, 96.64, 97.29, 97.64, 97.68, 97.86, 97.84], "train_times": [5.77, 5.62, 5.73, 5.47, 4.88, 5.93, 5.78, 5.94, 5.93, 5.83], "count_dead_neurons": []}