{"dataset": "MNIST", "batch_size": 128, "learning_rate": 0.01, "num_epochs": 10, "seed": 2934, "activation": "RELU", "train_losses": [1.2819768777534144, 0.334089414969182, 0.23328258378355743, 0.17683130430419053, 0.14160152391266467, 0.1180161952313139, 0.10145171106989577, 0.0902814433129548, 0.0810545771233817, 0.07437325832940368], "test_losses": [0.44176102816304075, 0.25956863400679603, 0.19279289388251078, 0.1434959206447194, 0.11720610607439015, 0.10257709585130215, 0.0854569087070236, 0.07778995023462686, 0.06941407330074831, 0.0652725061127633], "test_accuracies": [87.24, 92.34, 94.69, 95.77, 96.45, 96.81, 97.53, 97.72, 97.92, 97.99], "train_times": [6.06, 6.11, 6.34, 6.34, 6.29, 5.95, 6.53, 6.34, 6.29, 5.87], "l2_norms": [1.5646496189021653, 2.1480804307133963, 1.9250766835513529, 1.7023059714633086, 1.5941606932987933, 1.505493223346584, 1.4288763957524444, 1.377126003173848, 1.3105665666804625, 1.2941479376984506], "conv_l2_norms": [0.44310725520959815, 0.3479936603162403, 0.3518093427089735, 0.34532030860324997, 0.35232541214430396, 0.36069582437148034, 0.35320719229729514, 0.3565188408622605, 0.34420887385161003, 0.3460456636629953], "fc_l2_norms": [1.490196545973331, 2.118732076330367, 1.8913670162769742, 1.665211769333175, 1.5526123041566355, 1.4592557815175968, 1.3823167469879176, 1.3273540639719608, 1.2618931593234881, 1.2443028072923394], "conv1_l2_norms": [0.1781868756823483, 0.10731758463874609, 0.09753832716805022, 0.09330346734019664, 0.0926274287315929, 0.09500739611625639, 0.09326331273477352, 0.09466418535223123, 0.0927281647624535, 0.09323467816315065], "conv2_l2_norms": [0.40365657561970686, 0.3305346459201619, 0.33775893365810694, 0.3322755597506077, 0.3397169119838612, 0.34775128496823965, 0.34047448070637437, 0.3434920439117156, 0.3312485744794622, 0.3330305788332887], "fc1_l2_norms": [1.3193640747021111, 1.8669944965784775, 1.6997706574250122, 1.5138278995082588, 1.4241086542187205, 1.3463816504179726, 1.2805596289582664, 1.234559911601614, 1.1773462837454238, 1.1642882751018337], "fc2_l2_norms": [0.6823055319693482, 0.9987502645407963, 0.8276913643270923, 0.6922693178464243, 0.6171385714193524, 0.5613631920096506, 0.5191490527921331, 0.48637219768866147, 0.45298560860083165, 0.4378969177400816], "count_dead_neurons": []}