{"dataset": "MNIST", "batch_size": 128, "learning_rate": 0.01, "num_epochs": 5, "seed": 1234, "activation": "RELU", "train_losses": [1.2840585203440205, 0.29714302329429937, 0.2035838058953092, 0.15578113166666996, 0.1270065746947265], "test_losses": [0.37702345527425596, 0.22106759596757497, 0.1568024314798509, 0.12778327734315698, 0.10670244642474418], "test_accuracies": [90.16, 93.74, 95.47, 96.23, 96.86], "train_times": [6.05, 5.63, 5.92, 5.08, 6.05], "count_dead_neurons": [], "k": 3, "operation": "MIN", "control_points": [[0.48105359077453613, 0.2059534192085266], [0.742104172706604, 0.056513845920562744], [0.2335154414176941, 0.6265234351158142], [0.4124048948287964, 0.7906419038772583]], "knots": [-47.328697204589844, -47.328697204589844, -47.328697204589844, -7.256328582763672, 32.816036224365234, 32.816036224365234, 32.816036224365234], "min_knot": -47.32869888305664, "max_knot": 32.81603790283203, "cp_mode": "random", "cp_count": 4, "repeated_start_knots": 3, "repeated_end_knots": 3, "num_knots": 7, "free_knots": 1, "n": 3}