{"dataset": "MNIST", "batch_size": 128, "learning_rate": 0.01, "num_epochs": 5, "seed": 9859283, "activation": "RELU", "train_losses": [1.3828889149338452, 0.32921674291589365, 0.2207945920924134, 0.1675460050736409, 0.13610183344339766], "test_losses": [0.4314980525759202, 0.23497785658493073, 0.18036644286888687, 0.13260964486936602, 0.11367053720699269], "test_accuracies": [88.0, 93.06, 94.7, 96.08, 96.64], "train_times": [5.46, 5.17, 5.83, 5.97, 6.18], "count_dead_neurons": [], "k": 3, "operation": "MIN", "control_points": [[0.028979241847991943, 0.4018985629081726], [0.25984418392181396, 0.3666413426399231], [0.05830073356628418, 0.7006447315216064], [0.05179738998413086, 0.4681392312049866]], "knots": [-17.698442459106445, -17.698442459106445, -17.698442459106445, -8.42580509185791, 0.8468310832977295, 0.8468310832977295, 0.8468310832977295], "min_knot": -17.69844223022461, "max_knot": 0.8468310928344727, "cp_mode": "random", "cp_count": 4, "repeated_start_knots": 3, "repeated_end_knots": 3, "num_knots": 7, "free_knots": 1, "n": 3}