{"dataset": "MNIST", "batch_size": 128, "learning_rate": 0.01, "num_epochs": 10, "seed": 9859283, "activation": "RELU", "train_losses": [1.3801527857653368, 0.33075675813119804, 0.22078030688294978, 0.16678291654535957, 0.1351935276503502, 0.11472009770524527, 0.10024747504656122, 0.09006942120759981, 0.08187867364268313, 0.0753643351561352], "test_losses": [0.46191578650776344, 0.23673909360283538, 0.1721447011738827, 0.13478956593176986, 0.10991422383444785, 0.09574854527482221, 0.08228480573036248, 0.08030669115000416, 0.06964051196958776, 0.07230529973660654], "test_accuracies": [85.02, 93.32, 95.05, 96.31, 96.77, 97.19, 97.56, 97.5, 97.91, 97.81], "train_times": [8.77, 6.47, 8.77, 8.94, 6.6, 9.36, 9.31, 9.18, 6.72, 8.77], "l2_norms": [1.8200841361898326, 2.579955083185307, 2.033135628109132, 1.7028787530876115, 1.5370595090181702, 1.4518276705315738, 1.3410543067628895, 1.314440092811271, 1.2670513659072122, 1.2636235525245771], "conv_l2_norms": [0.4772429906171241, 0.42646416410879134, 0.3981106381698231, 0.37136029234532325, 0.367857520616574, 0.3686684083942395, 0.354235017599232, 0.35737094944882203, 0.3451466026613075, 0.3537877314727546], "fc_l2_norms": [1.7461017972852866, 2.5428023562956756, 1.9915083958156634, 1.6593797551136693, 1.4896242070434784, 1.4014318356506263, 1.2907759267080579, 1.2620676037539855, 1.2166545227854075, 1.2105608416956402], "conv1_l2_norms": [0.19131694168727484, 0.10199290555748608, 0.08224883738166569, 0.07480095503381155, 0.07469968457356678, 0.07368398845678172, 0.07139276659082004, 0.07397234253349137, 0.07178140050866448, 0.07449729819427263], "conv2_l2_norms": [0.43426544358944913, 0.4134277420406781, 0.389213804057136, 0.3635278171203229, 0.35998275029316806, 0.3610548785025393, 0.3467944359564292, 0.3494691734867681, 0.33740792444690754, 0.3456645105246753], "fc1_l2_norms": [1.5927461924495234, 2.3172934348118677, 1.8273480667190465, 1.527448584384028, 1.3775896448030625, 1.297935861749346, 1.197725235690412, 1.1740169032865158, 1.1336230130749414, 1.130095334411028], "fc2_l2_norms": [0.7057904607844698, 1.0439090152805899, 0.7896018154369904, 0.6468737882712706, 0.565560154743775, 0.527299285068872, 0.4799215688544588, 0.4619708912900325, 0.44072209268513973, 0.43277725428187347], "count_dead_neurons": [], "k": 3, "operation": "MIN", "control_points": [[0.028979241847991943, 0.4018985629081726], [0.25984418392181396, 0.3666413426399231], [0.05830073356628418, 0.7006447315216064], [0.05179738998413086, 0.4681392312049866]], "knots": [-5.010000228881836, -5.010000228881836, -5.010000228881836, 0.0, 5.010000228881836, 5.010000228881836, 5.010000228881836], "min_knot": -5.01, "max_knot": 5.01, "cp_mode": "random", "cp_count": 4, "repeated_start_knots": 3, "repeated_end_knots": 3, "num_knots": 7, "free_knots": 1, "n": 3}