{"dataset": "MNIST", "batch_size": 128, "learning_rate": 0.01, "num_epochs": 5, "seed": 2934, "activation": "RELU", "train_losses": [1.283299871408609, 0.33502003156554216, 0.23381902498286417, 0.17854138654368773, 0.14221660730871818], "test_losses": [0.420833578403992, 0.2550187376386757, 0.18857663111831946, 0.15799081757004502, 0.11776001157852102], "test_accuracies": [88.5, 92.69, 94.67, 95.19, 96.39], "train_times": [4.73, 5.6, 5.88, 5.99, 6.06], "count_dead_neurons": []}