{"dataset": "MNIST", "batch_size": 128, "learning_rate": 0.01, "num_epochs": 5, "seed": 2934, "activation": "RELU", "train_losses": [1.2819768777534144, 0.334089414969182, 0.23328258378355743, 0.17683130430419053, 0.14160152391266467], "test_losses": [0.44176102816304075, 0.25956863400679603, 0.19279289388251078, 0.1434959206447194, 0.11720610607439015], "test_accuracies": [87.24, 92.34, 94.69, 95.77, 96.45], "train_times": [5.27, 5.67, 6.54, 8.72, 6.41], "l2_norms": [1.5646496189021653, 2.1480804307133963, 1.9250766835513529, 1.7023059714633086, 1.5941606932987933], "count_dead_neurons": []}