{"dataset": "MNIST", "batch_size": 128, "learning_rate": 0.01, "num_epochs": 10, "activation": "B_SPLINE_SUM_K3", "seed": 9859283, "train_losses": [1.8915813716489878, 1.2586346475808605, 0.8015888054996158, 0.5235102838163437, 0.36366866675139997, 0.2712912982714964, 0.21725759151647847, 0.1813837754796309, 0.15708323545865158, 0.13848064353725295], "test_losses": [1.530725126025043, 0.9630347331867942, 0.6162705734560762, 0.387571566655666, 0.2999333060240444, 0.22624547383453272, 0.18470020295132564, 0.16303382332943664, 0.14362270161037957, 0.12985570087463041], "test_accuracies": [79.36, 92.25, 94.46, 95.84, 96.58, 96.98, 97.31, 97.59, 97.68, 97.75], "train_times": [12.38, 12.27, 10.24, 12.27, 12.65, 10.68, 12.16, 10.43, 12.47, 12.73], "count_dead_neurons": []}