{"dataset": "MNIST", "batch_size": 128, "learning_rate": 0.01, "num_epochs": 10, "activation": "B_SPLINE_SUM_K3", "seed": 2934, "train_losses": [1.924955989506199, 1.2961943685881365, 0.818257409626487, 0.5291559128746041, 0.36477883020316615, 0.2730867648239075, 0.21783389087551946, 0.1808341757924572, 0.15674356820740934, 0.1374475562782176], "test_losses": [1.5886059441143954, 1.0164061988456339, 0.6367525322527825, 0.41957024079334887, 0.30289509260579, 0.23671956690429133, 0.18917673406533048, 0.16340703729398642, 0.14079417434485653, 0.12507812292138232], "test_accuracies": [76.59, 91.57, 94.78, 96.04, 96.66, 96.9, 97.3, 97.58, 97.83, 97.92], "train_times": [9.43, 11.02, 11.3, 11.76, 13.29, 11.94, 9.82, 11.54, 12.64, 10.44], "count_dead_neurons": []}