{"dataset": "MNIST", "batch_size": 128, "learning_rate": 0.01, "num_epochs": 10, "activation": "B_SPLINE_SUM_K3", "seed": 1234, "train_losses": [1.912223976812383, 1.253100965577148, 0.7796021321180787, 0.49919390875393393, 0.34950658640881843, 0.26418745918060416, 0.2116464693536128, 0.17738209172352545, 0.15465455985209073, 0.13651547858964153], "test_losses": [1.5524706674527518, 0.9643403812299801, 0.6104829058616976, 0.38718952710115456, 0.2840087587320352, 0.2184024370169338, 0.18583172526729258, 0.1559950660772716, 0.137836022231775, 0.12077341697921481], "test_accuracies": [82.81, 89.85, 95.11, 96.1, 96.71, 97.18, 97.36, 97.55, 97.65, 97.93], "train_times": [12.64, 11.03, 12.43, 12.17, 10.36, 12.12, 12.0, 10.37, 12.81, 10.24], "count_dead_neurons": []}