{"dataset": "MNIST", "batch_size": 128, "learning_rate": 0.01, "num_epochs": 5, "seed": 2934, "activation": "B_SPLINE_DIF", "train_losses": [1.434852450895411, 1.0119198216304088, 0.8354300777795218, 0.7369563133477657, 0.6702294929195315], "test_losses": [1.1292169448695606, 0.8740489392340938, 0.7536790676509277, 0.6764570082290263, 0.621323218074026], "test_accuracies": [81.0, 82.08, 84.17, 84.96, 85.5], "train_times": [11.8, 10.68, 11.63, 10.27, 11.18], "count_dead_neurons": [], "k": 2, "operation": "DIF", "control_points": [[0.48105359077453613, 0.2059534192085266], [0.742104172706604, 0.056513845920562744], [0.2335154414176941, 0.6265234351158142], [0.4124048948287964, 0.7906419038772583]], "knots": [-222.42630004882812, -222.42630004882812, -141.17062377929688, -59.91492462158203, 21.340757369995117, 21.340757369995117], "min_knot": -222.42630554199218, "max_knot": 21.340757141113283, "cp_mode": "random", "cp_count": 4, "repeated_start_knots": 2, "repeated_end_knots": 2, "num_knots": 6, "free_knots": 2, "n": 3}