{"dataset": "MNIST", "batch_size": 128, "learning_rate": 0.01, "num_epochs": 10, "activation": "B_SPLINE_DIF", "seed": 1234, "train_losses": [2.210898809595657, 2.0868353330250233, 1.9668025906914588, 1.8405592738946617, 1.7114614929471696, 1.5825028706715305, 1.4584588300444679, 1.3387322758814928, 1.2290557915213773, 1.127198503342773], "test_losses": [2.1437496384487877, 2.01622344421435, 1.889104262182984, 1.7700659957113145, 1.6387172922303406, 1.523135867299913, 1.3827492330647722, 1.2962648747842522, 1.1831273142295549, 1.0765686744376073], "test_accuracies": [56.74, 70.26, 79.28, 82.15, 85.6, 86.36, 88.53, 91.06, 93.22, 93.04], "train_times": [10.01, 10.45, 8.96, 10.22, 10.45, 7.95, 11.4, 9.29, 9.11, 9.94], "count_dead_neurons": []}