{"dataset": "MNIST", "batch_size": 128, "learning_rate": 0.01, "num_epochs": 10, "seed": 9859283, "activation": "B_SPLINE_DIF", "train_losses": [2.242304420166178, 2.225132659554227, 2.2213663343173353, 2.2175185965068303, 2.2133381737829017, 2.209166055040827, 2.2046608248753334, 2.2001133742871315, 2.1951913157505776, 2.1904305217108493], "test_losses": [2.224801039393944, 2.2216818393031255, 2.2183297404760047, 2.2132656212094464, 2.2099051566063603, 2.204437593870525, 2.1996359945852544, 2.1938911963112746, 2.1910530917252165, 2.185803796671614], "test_accuracies": [44.98, 39.79, 36.7, 35.08, 33.67, 35.53, 35.79, 36.46, 39.74, 39.39], "train_times": [15.02, 14.9, 15.18, 16.0, 16.31, 16.35, 16.58, 17.5, 12.9, 12.94], "l2_norms": [0.4146712625080155, 0.2907243819567413, 0.255777608454346, 0.2403346339255523, 0.22894435093612042, 0.21862776522213415, 0.21760941583213939, 0.2123838718700264, 0.21116566360511668, 0.20939636376174334], "conv_l2_norms": [0.1533807389222854, 0.1294138196716892, 0.1153080178348366, 0.10691317342884982, 0.10119685544657496, 0.09472655174795647, 0.09396422268115122, 0.0898975987938291, 0.0894272978435791, 0.08622546406871323], "fc_l2_norms": [0.3837726387541548, 0.2585402416291171, 0.2262208066992864, 0.21306395987902452, 0.202952635548311, 0.19469361521783488, 0.193741789581059, 0.1899056110841822, 0.1887027376324828, 0.1881039717788003], "conv1_l2_norms": [0.0518066609585174, 0.06584455457501262, 0.06570434289674727, 0.06405892375171834, 0.0624505217582275, 0.05987707123304397, 0.059714169389376626, 0.0575079771188064, 0.057972356380395315, 0.05604285441897751], "conv2_l2_norms": [0.14360342282444377, 0.1112112221940533, 0.09452313731576166, 0.08532288955718673, 0.07929319009284119, 0.07314321156045765, 0.07218498572473807, 0.06870726248391813, 0.06776298339908766, 0.06516824358952635], "fc1_l2_norms": [0.34515884210700704, 0.2086063790029668, 0.17241037252886077, 0.1563617212825072, 0.1452227751200311, 0.13583543934740336, 0.133693227598759, 0.1301835689435251, 0.12856313708739764, 0.12702152897889094], "fc2_l2_norms": [0.16412836858394111, 0.15116849641848426, 0.1451773948583568, 0.1433253065441433, 0.1402696172007391, 0.13797818382514127, 0.13844793915684192, 0.1366720281732025, 0.13652305378210916, 0.1369166531038805], "count_dead_neurons": [], "k": 2, "operation": "DIF", "control_points": [[0.5167590975761414, 0.43356209993362427], [0.4973334074020386, 0.41004443168640137], [0.9193550944328308, 0.6096861958503723], [0.5613484382629395, 0.6475276947021484]], "knots": [-5.010000228881836, -5.010000228881836, -1.6700000762939453, 1.6700000762939453, 5.010000228881836, 5.010000228881836], "min_knot": -5.01, "max_knot": 5.01, "cp_mode": "random", "cp_count": 4, "repeated_start_knots": 2, "repeated_end_knots": 2, "num_knots": 6, "free_knots": 2, "n": 3}