{"dataset": "MNIST", "batch_size": 128, "learning_rate": 0.01, "num_epochs": 10, "seed": 2934, "activation": "B_SPLINE_DIF", "train_losses": [1.4087827106528699, 0.9898570928492272, 0.8219749259033691, 0.7238377266601205, 0.659952022182916, 0.6138896370874539, 0.5775741330469086, 0.5483351231002604, 0.5267759279401572, 0.5054559771185999], "test_losses": [1.0955515707595438, 0.8586967678009709, 0.7397232870512371, 0.661816240865973, 0.6117702564106712, 0.5724594627000108, 0.5380369322963908, 0.5133473292181764, 0.49135814833490155, 0.4758625528480433], "test_accuracies": [81.92, 82.51, 84.34, 85.08, 85.95, 86.63, 87.01, 87.51, 87.8, 88.08], "train_times": [11.54, 11.95, 11.13, 12.21, 11.9, 11.16, 12.33, 12.09, 12.51, 10.96], "l2_norms": [1.386455585833777, 0.8541463542889124, 0.7146156706809633, 0.6451061186163012, 0.5963099803014918, 0.5736999132502216, 0.5505566756488469, 0.5335152847201174, 0.5193986713573038, 0.5060726028157069], "conv_l2_norms": [0.5943244498401296, 0.3620907382063352, 0.2642993224953853, 0.21303663839999779, 0.17789650814379146, 0.15395487858568738, 0.13661669126125553, 0.12551166447409318, 0.11473835189248059, 0.1060736822264949], "fc_l2_norms": [1.2460089169356066, 0.7690468025171289, 0.6600233002076944, 0.6059188359666215, 0.5669088880478838, 0.5506135621903544, 0.5315498374214092, 0.5171474260881683, 0.5053351554579328, 0.4936892171169777], "conv1_l2_norms": [0.28373691940473633, 0.21951570184713146, 0.16338118071797164, 0.13120155007452058, 0.10965490192321108, 0.09409734771874603, 0.08243096495847013, 0.07527136611981336, 0.06860930775322643, 0.06304054690191609], "conv2_l2_norms": [0.516472082202412, 0.28640443116228914, 0.2063997990560077, 0.16647922439758364, 0.13903759344761332, 0.12084723026969293, 0.1080428220663761, 0.09957741251701768, 0.09115906050815603, 0.08465783730946506], "fc1_l2_norms": [1.169348169072607, 0.7077758999502657, 0.6126944914851162, 0.5666748500091828, 0.5327928773478049, 0.5193328286074463, 0.503010848481279, 0.49015974522071304, 0.4803223643430149, 0.46982063183904416], "fc2_l2_norms": [0.41628867843610967, 0.29845082790600375, 0.24329475072473156, 0.21254171132854457, 0.1919355275534595, 0.18113296593741504, 0.17009756326418404, 0.16320488938565678, 0.15562815845851327, 0.15006983021823975], "count_dead_neurons": [], "k": 2, "operation": "DIF", "control_points": [[0.48105359077453613, 0.2059534192085266], [0.742104172706604, 0.056513845920562744], [0.2335154414176941, 0.6265234351158142], [0.4124048948287964, 0.7906419038772583]], "knots": [-5.010000228881836, -5.010000228881836, -1.6700000762939453, 1.6700000762939453, 5.010000228881836, 5.010000228881836], "min_knot": -5.01, "max_knot": 5.01, "cp_mode": "random", "cp_count": 4, "repeated_start_knots": 2, "repeated_end_knots": 2, "num_knots": 6, "free_knots": 2, "n": 3}