{"dataset": "MNIST", "batch_size": 128, "learning_rate": 0.01, "num_epochs": 5, "seed": 2934, "activation": "B_SPLINE_DIF", "train_losses": [1.9358702964111687, 1.64802096266228, 1.4114855288950874, 1.2188202706989704, 1.071256729331352], "test_losses": [1.7668624724013895, 1.5045782357831545, 1.2861597402186333, 1.1163851075534579, 0.9888575997533677], "test_accuracies": [66.02, 68.08, 73.42, 75.92, 78.22], "train_times": [14.85, 14.25, 13.7, 15.3, 13.98], "count_dead_neurons": [], "k": 3, "operation": "DIF", "control_points": [[0.48105359077453613, 0.2059534192085266], [0.742104172706604, 0.056513845920562744], [0.2335154414176941, 0.6265234351158142], [0.4124048948287964, 0.7906419038772583]], "knots": [-5.010000228881836, -5.010000228881836, -5.010000228881836, 0.0, 5.010000228881836, 5.010000228881836, 5.010000228881836], "min_knot": -5.01, "max_knot": 5.01, "cp_mode": "random", "cp_count": 4, "repeated_start_knots": 3, "repeated_end_knots": 3, "num_knots": 7, "free_knots": 1, "n": 3}