{"dataset": "MNIST", "batch_size": 128, "learning_rate": 0.01, "num_epochs": 10, "activation": "B_SPLINE_DIF", "seed": 9859283, "train_losses": [2.227371593528211, 2.1120867108993693, 2.0058371705541225, 1.8960961022102503, 1.7816948654300877, 1.6662041129333887, 1.5503111798117664, 1.4375902139810102, 1.3247813065168954, 1.2255334292393503], "test_losses": [2.154350268689892, 2.0433633086047593, 1.9409232094318052, 1.8300823833369002, 1.7360000233106976, 1.6006792753557615, 1.5040596889544138, 1.3768469336666638, 1.2666337248645252, 1.1762382456018954], "test_accuracies": [52.02, 70.34, 75.85, 79.27, 79.59, 83.36, 86.76, 88.26, 89.87, 92.26], "train_times": [10.45, 9.83, 7.92, 10.95, 10.93, 9.06, 10.65, 9.88, 9.23, 10.84], "count_dead_neurons": []}