{"dataset": "MNIST", "batch_size": 128, "learning_rate": 0.01, "num_epochs": 5, "seed": 2934, "activation": "B_SPLINE_DIF", "train_losses": [1.4087827106528699, 0.9898570928492272, 0.8219749259033691, 0.7238377266601205, 0.659952022182916], "test_losses": [1.0955515707595438, 0.8586967678009709, 0.7397232870512371, 0.661816240865973, 0.6117702564106712], "test_accuracies": [81.92, 82.51, 84.34, 85.08, 85.95], "train_times": [11.45, 10.85, 11.41, 11.37, 10.83], "count_dead_neurons": [], "k": 2, "operation": "DIF", "control_points": [[0.48105359077453613, 0.2059534192085266], [0.742104172706604, 0.056513845920562744], [0.2335154414176941, 0.6265234351158142], [0.4124048948287964, 0.7906419038772583]], "knots": [-5.010000228881836, -5.010000228881836, -1.6700000762939453, 1.6700000762939453, 5.010000228881836, 5.010000228881836], "min_knot": -5.01, "max_knot": 5.01, "cp_mode": "random", "cp_count": 4, "repeated_start_knots": 2, "repeated_end_knots": 2, "num_knots": 6, "free_knots": 2, "n": 3}