{"dataset": "MNIST", "batch_size": 128, "learning_rate": 0.01, "num_epochs": 10, "activation": "B_SPLINE_DIF", "seed": 2934, "train_losses": [2.219297184364628, 2.0991387357081432, 1.9850424901763004, 1.8646711360162764, 1.7395480942370287, 1.6119646253362139, 1.4874284041207482, 1.3665171147409532, 1.2559388858168872, 1.1472545974036015], "test_losses": [2.1525136126747615, 2.0364327989047086, 1.927032864546474, 1.810382280168654, 1.6602125620540185, 1.5417993174323552, 1.4248012183587762, 1.2842697327650046, 1.1660779284525522, 1.0846624049959304], "test_accuracies": [57.3, 72.69, 74.23, 84.26, 85.96, 88.39, 89.51, 90.82, 92.24, 92.86], "train_times": [10.1, 9.47, 9.81, 8.35, 10.81, 11.2, 8.48, 11.06, 10.3, 9.07], "count_dead_neurons": []}