{"dataset": "MNIST", "batch_size": 128, "learning_rate": 0.01, "num_epochs": 5, "seed": 9859283, "activation": "B_SPLINE_DIF", "train_losses": [2.236638040684942, 2.2190710247706757, 2.2144012771435637, 2.2100120637970946, 2.20469673406849], "test_losses": [2.218804978117158, 2.214194122749039, 2.2112707880478872, 2.206678245641008, 2.199163361440731], "test_accuracies": [43.77, 39.95, 36.64, 39.52, 37.81], "train_times": [11.57, 10.5, 11.72, 11.55, 10.21], "count_dead_neurons": [], "k": 2, "operation": "DIF", "control_points": [[0.5167590975761414, 0.43356209993362427], [0.4973334074020386, 0.41004443168640137], [0.9193550944328308, 0.6096861958503723], [0.5613484382629395, 0.6475276947021484]], "knots": [-5.145898342132568, -5.145898342132568, 23.572101593017578, 52.29010009765625, 81.00810241699219, 81.00810241699219], "min_knot": -5.145898113250732, "max_knot": 81.00810028076172, "cp_mode": "random", "cp_count": 4, "repeated_start_knots": 2, "repeated_end_knots": 2, "num_knots": 6, "free_knots": 2, "n": 3}