{"dataset": "MNIST", "batch_size": 128, "learning_rate": 0.01, "num_epochs": 5, "seed": 2934, "activation": "B_SPLINE_DIF", "train_losses": [1.9447688601418598, 1.6657463739167397, 1.4323184505454514, 1.239049085421857, 1.0900252354678823], "test_losses": [1.7811988622327395, 1.524455579021309, 1.30598344833036, 1.1375620712207843, 1.0070034054261219], "test_accuracies": [65.01, 67.53, 72.63, 75.18, 77.38], "train_times": [15.95, 13.34, 14.41, 14.02, 15.01], "count_dead_neurons": [], "k": 3, "operation": "DIF", "control_points": [[0.48105359077453613, 0.2059534192085266], [0.742104172706604, 0.056513845920562744], [0.2335154414176941, 0.6265234351158142], [0.4124048948287964, 0.7906419038772583]], "knots": [-202.5701446533203, -202.5701446533203, -202.5701446533203, -94.17854309082031, 14.213059425354004, 14.213059425354004, 14.213059425354004], "min_knot": -202.57015014648437, "max_knot": 14.213059196472168, "cp_mode": "random", "cp_count": 4, "repeated_start_knots": 3, "repeated_end_knots": 3, "num_knots": 7, "free_knots": 1, "n": 3}