{"dataset": "MNIST", "batch_size": 128, "learning_rate": 0.01, "num_epochs": 10, "seed": 2934, "activation": "B_SPLINE_DIF", "train_losses": [1.9358702964111687, 1.64802096266228, 1.4114855288950874, 1.2188202706989704, 1.071256729331352, 0.9611508221006089, 0.8786295715933924, 0.8155573465422526, 0.7669835174515811, 0.7276397911724506], "test_losses": [1.7668624724013895, 1.5045782357831545, 1.2861597402186333, 1.1163851075534579, 0.9888575997533677, 0.8935497146618517, 0.8219474757773967, 0.767097991478594, 0.7241868750204014, 0.6898492099363592], "test_accuracies": [66.02, 68.08, 73.42, 75.92, 78.22, 79.82, 80.95, 81.75, 82.31, 82.9], "train_times": [16.59, 14.01, 16.56, 14.07, 16.48, 16.18, 17.89, 13.92, 17.66, 13.76], "l2_norms": [0.832560636146336, 0.5839711881488415, 0.5199246540564115, 0.4757065960798418, 0.44388966973188904, 0.42411908128977727, 0.40713045619251154, 0.3932724830833691, 0.3797774106191725, 0.3764467007729846], "conv_l2_norms": [0.40448166164909677, 0.30829911889514655, 0.25097018505072716, 0.2112928935311549, 0.17896130214444542, 0.15724205521808382, 0.13951284990379853, 0.12642453703329068, 0.11557247262962812, 0.10792845052934724], "fc_l2_norms": [0.722036310477511, 0.4941748602286002, 0.45339127768985243, 0.42451235650960173, 0.40452533496515486, 0.3923694638575052, 0.3810995392566712, 0.3710302150342816, 0.36069808581914614, 0.35949031327658953], "conv1_l2_norms": [0.18855400522988244, 0.19266875817671006, 0.16277753343048396, 0.1383129383457341, 0.11737779115396442, 0.10320124349438656, 0.09092194607562597, 0.08168707454422558, 0.0746735196786416, 0.06898089345100875], "conv2_l2_norms": [0.3543232605469407, 0.24053526095178526, 0.19079244736541354, 0.15940507945131174, 0.13477988952870665, 0.11829636050915038, 0.10547596149293158, 0.09608820642388431, 0.08780226579029254, 0.08255435040830952], "fc1_l2_norms": [0.6676562372888315, 0.4240987146579123, 0.38812948958756327, 0.36713129779415277, 0.35530723560861105, 0.34936354919769874, 0.34353572474505906, 0.3367520584467748, 0.33009606783224305, 0.33123498752704666], "fc2_l2_norms": [0.2636427720532806, 0.2526315619174775, 0.2329041605266665, 0.21162410014425986, 0.19186944231764544, 0.17689520807750084, 0.16339314248468004, 0.15411310902110759, 0.14387280281142636, 0.13792625565831979], "count_dead_neurons": [], "k": 3, "operation": "DIF", "control_points": [[0.48105359077453613, 0.2059534192085266], [0.742104172706604, 0.056513845920562744], [0.2335154414176941, 0.6265234351158142], [0.4124048948287964, 0.7906419038772583]], "knots": [-5.010000228881836, -5.010000228881836, -5.010000228881836, 0.0, 5.010000228881836, 5.010000228881836, 5.010000228881836], "min_knot": -5.01, "max_knot": 5.01, "cp_mode": "random", "cp_count": 4, "repeated_start_knots": 3, "repeated_end_knots": 3, "num_knots": 7, "free_knots": 1, "n": 3}