{"dataset": "MNIST", "batch_size": 128, "learning_rate": 0.01, "num_epochs": 5, "seed": 9859283, "activation": "B_SPLINE_DIF", "train_losses": [2.2936569205733504, 2.2961765387927544, 2.297291920891703, 2.2975047773389674, 2.297412679139485], "test_losses": [2.2947604595860347, 2.2968213739274423, 2.297227965125555, 2.2972910343846187, 2.2971011204055594], "test_accuracies": [19.62, 11.35, 11.35, 11.35, 11.35], "train_times": [16.7, 15.13, 15.75, 13.74, 12.17], "l2_norms": [0.21764444161839522, 0.14090729744154487, 0.12909405522398387, 0.12674097942943416, 0.12362462312598249], "count_dead_neurons": [], "k": 3, "operation": "DIF", "control_points": [[0.5167590975761414, 0.43356209993362427], [0.4973334074020386, 0.41004443168640137], [0.9193550944328308, 0.6096861958503723], [0.5613484382629395, 0.6475276947021484]], "knots": [-5.010000228881836, -5.010000228881836, -5.010000228881836, 0.0, 5.010000228881836, 5.010000228881836, 5.010000228881836], "min_knot": -5.01, "max_knot": 5.01, "cp_mode": "random", "cp_count": 4, "repeated_start_knots": 3, "repeated_end_knots": 3, "num_knots": 7, "free_knots": 1, "n": 3}