{"dataset": "MNIST", "batch_size": 128, "learning_rate": 0.01, "num_epochs": 10, "seed": 1234, "activation": "B_SPLINE_DIF", "train_losses": [2.258355939312022, 2.2377385945716646, 2.2210379688978703, 2.2040821189311015, 2.1870218096003096, 2.1695904650413658, 2.151929232611585, 2.133912340664406, 2.1159353139303896, 2.097075044981706], "test_losses": [2.2444893529143513, 2.227270639395412, 2.2102622170991535, 2.1929673001736023, 2.174911492987524, 2.1572874558122854, 2.1386929312838783, 2.1207632897775386, 2.1006490520284147, 2.0825625039354154], "test_accuracies": [27.01, 30.55, 37.6, 41.38, 33.87, 45.01, 36.85, 39.53, 38.84, 37.95], "train_times": [21.46, 19.4, 22.96, 20.54, 19.4, 21.89, 21.05, 21.47, 23.44, 20.44], "l2_norms": [0.514669663708887, 0.4365105528713732, 0.4280115840868644, 0.42231067662114136, 0.41913627691982697, 0.4137278973837859, 0.4163079850341814, 0.4161645684227468, 0.4167754632061455, 0.4138798007716422], "conv_l2_norms": [0.1156150769101837, 0.08868099890304967, 0.08578264768093728, 0.08560245849927157, 0.08587046376911071, 0.08625101801177103, 0.08674390417837953, 0.08658127097806545, 0.08640322477155883, 0.08641789749776008], "fc_l2_norms": [0.5009902579629013, 0.42698740768334664, 0.4189370405660131, 0.41296341537071346, 0.4097545273377417, 0.40416499414482515, 0.4066489894466687, 0.40656566632231, 0.4072263388931615, 0.4042264594498407], "conv1_l2_norms": [0.03561909337000142, 0.04052005102387268, 0.04470376465382675, 0.048445289495977366, 0.05103710520551969, 0.053360748803157616, 0.054947850123593926, 0.055634470007337865, 0.0563671308054137, 0.05690059398634946], "conv2_l2_norms": [0.10967096472733126, 0.07883595000246255, 0.07318370589657634, 0.07054991979027204, 0.06903518451465737, 0.06774742592621409, 0.06710884588601271, 0.06632507327675653, 0.0654716737311473, 0.06502237976475647], "fc1_l2_norms": [0.2612525552837144, 0.1432350853436061, 0.11901349047997475, 0.10773636396067289, 0.1003357011477161, 0.09450298625348974, 0.0918007691937957, 0.08996743173422264, 0.08759757130329879, 0.08705734491857586], "fc2_l2_norms": [0.41841714475949926, 0.40187358316423333, 0.4014239032683802, 0.3983486973492014, 0.39700856896636316, 0.3926967835116401, 0.39586367154864627, 0.3962331555467983, 0.3974099770139122, 0.3944541318419192], "count_dead_neurons": [], "k": 3, "operation": "DIF", "control_points": [[0.028979241847991943, 0.4018985629081726], [0.25984418392181396, 0.3666413426399231], [0.05830073356628418, 0.7006447315216064], [0.05179738998413086, 0.4681392312049866]], "knots": [-5.010000228881836, -5.010000228881836, -5.010000228881836, 0.0, 5.010000228881836, 5.010000228881836, 5.010000228881836], "min_knot": -5.01, "max_knot": 5.01, "cp_mode": "random", "cp_count": 4, "repeated_start_knots": 3, "repeated_end_knots": 3, "num_knots": 7, "free_knots": 1, "n": 3}