{"dataset": "MNIST", "batch_size": 128, "learning_rate": 0.01, "num_epochs": 5, "seed": 1234, "activation": "B_SPLINE_DIF", "train_losses": [1.914097044513678, 1.5694306201772141, 1.3452640538022462, 1.1852181064548777, 1.070305303469904], "test_losses": [1.6958731775042377, 1.425277136549165, 1.2359975433047814, 1.1013576939136167, 1.0010123781011075], "test_accuracies": [69.64, 71.5, 74.42, 77.65, 78.79], "train_times": [10.62, 11.25, 10.86, 11.81, 11.46], "count_dead_neurons": [], "k": 2, "operation": "DIF", "control_points": [[0.028979241847991943, 0.4018985629081726], [0.25984418392181396, 0.3666413426399231], [0.05830073356628418, 0.7006447315216064], [0.05179738998413086, 0.4681392312049866]], "knots": [-5.010000228881836, -5.010000228881836, -1.6700000762939453, 1.6700000762939453, 5.010000228881836, 5.010000228881836], "min_knot": -5.01, "max_knot": 5.01, "cp_mode": "random", "cp_count": 4, "repeated_start_knots": 2, "repeated_end_knots": 2, "num_knots": 6, "free_knots": 2, "n": 3}