{"dataset": "MNIST", "batch_size": 128, "learning_rate": 0.01, "num_epochs": 5, "seed": 1234, "activation": "B_SPLINE_DIF", "train_losses": [2.26052299491378, 2.2446588895468316, 2.2323854991367886, 2.2206726363981204, 2.2090137137024644], "test_losses": [2.25007575674902, 2.2370547735238375, 2.226129987571813, 2.212233295923547, 2.2003796191155156], "test_accuracies": [26.47, 33.91, 28.36, 27.7, 28.82], "train_times": [14.55, 13.91, 15.02, 16.41, 15.29], "count_dead_neurons": [], "k": 3, "operation": "DIF", "control_points": [[0.028979241847991943, 0.4018985629081726], [0.25984418392181396, 0.3666413426399231], [0.05830073356628418, 0.7006447315216064], [0.05179738998413086, 0.4681392312049866]], "knots": [-50.21256637573242, -50.21256637573242, -50.21256637573242, -13.107223510742188, 23.998123168945312, 23.998123168945312, 23.998123168945312], "min_knot": -50.21256805419922, "max_knot": 23.998122940063478, "cp_mode": "random", "cp_count": 4, "repeated_start_knots": 3, "repeated_end_knots": 3, "num_knots": 7, "free_knots": 1, "n": 3}