{"dataset": "MNIST", "batch_size": 128, "learning_rate": 0.01, "num_epochs": 5, "seed": 1234, "activation": "B_SPLINE_DIF", "train_losses": [2.258355939312022, 2.2377385945716646, 2.2210379688978703, 2.2040821189311015, 2.1870218096003096], "test_losses": [2.2444893529143513, 2.227270639395412, 2.2102622170991535, 2.1929673001736023, 2.174911492987524], "test_accuracies": [27.01, 30.55, 37.6, 41.38, 33.87], "train_times": [14.13, 12.0, 13.68, 13.01, 13.15], "l2_norms": [0.514669663708887, 0.4365105528713732, 0.4280115840868644, 0.42231067662114136, 0.41913627691982697], "count_dead_neurons": [], "k": 3, "operation": "DIF", "control_points": [[0.028979241847991943, 0.4018985629081726], [0.25984418392181396, 0.3666413426399231], [0.05830073356628418, 0.7006447315216064], [0.05179738998413086, 0.4681392312049866]], "knots": [-5.010000228881836, -5.010000228881836, -5.010000228881836, 0.0, 5.010000228881836, 5.010000228881836, 5.010000228881836], "min_knot": -5.01, "max_knot": 5.01, "cp_mode": "random", "cp_count": 4, "repeated_start_knots": 3, "repeated_end_knots": 3, "num_knots": 7, "free_knots": 1, "n": 3}