{"dataset": "MNIST", "batch_size": 128, "learning_rate": 0.01, "num_epochs": 5, "seed": 1234, "activation": "B_SPLINE_DIF", "train_losses": [1.9087283710426868, 1.5624233415640238, 1.3369024521760595, 1.1762505024989276, 1.0591901078153012], "test_losses": [1.6914588665660424, 1.4182003706316404, 1.2290897158127796, 1.0901618750789497, 0.9874091933045206], "test_accuracies": [71.31, 72.33, 74.29, 78.1, 79.71], "train_times": [10.29, 11.15, 10.44, 10.96, 11.34], "count_dead_neurons": [], "k": 2, "operation": "DIF", "control_points": [[0.028979241847991943, 0.4018985629081726], [0.25984418392181396, 0.3666413426399231], [0.05830073356628418, 0.7006447315216064], [0.05179738998413086, 0.4681392312049866]], "knots": [-55.48756408691406, -55.48756408691406, -5.593502044677734, 44.30056381225586, 94.19462585449219, 94.19462585449219], "min_knot": -55.48756576538086, "max_knot": 94.19462371826172, "cp_mode": "random", "cp_count": 4, "repeated_start_knots": 2, "repeated_end_knots": 2, "num_knots": 6, "free_knots": 2, "n": 3}