{"dataset": "MNIST", "batch_size": 128, "learning_rate": 0.01, "num_epochs": 10, "seed": 1234, "activation": "B_SPLINE_DIF", "train_losses": [1.914097044513678, 1.5694306201772141, 1.3452640538022462, 1.1852181064548777, 1.070305303469904, 0.9825821609131055, 0.9125446281961794, 0.8550018833390177, 0.8075269848298925, 0.7665708926694987], "test_losses": [1.6958731775042377, 1.425277136549165, 1.2359975433047814, 1.1013576939136167, 1.0010123781011075, 0.9233750202987767, 0.8600474550754209, 0.8089958700952651, 0.7636947137645528, 0.725965702458273], "test_accuracies": [69.64, 71.5, 74.42, 77.65, 78.79, 80.34, 81.79, 82.23, 83.26, 84.06], "train_times": [14.6, 16.66, 14.57, 16.58, 14.73, 16.32, 14.53, 16.45, 14.95, 16.96], "l2_norms": [0.8839810382151535, 0.6346396372789539, 0.5527180253032506, 0.4980358361364215, 0.4615283113377845, 0.42726200538603404, 0.4108493975329271, 0.3944465028503649, 0.3787884822573268, 0.36445433174344877], "conv_l2_norms": [0.355598899053363, 0.27386348113452735, 0.22227114484200453, 0.1856833267369135, 0.16156825162121516, 0.14238785485977404, 0.12728153451719995, 0.11603081882508395, 0.10744880318480364, 0.09948404174124842], "fc_l2_norms": [0.8068297510667619, 0.5713470946722807, 0.5049285453544406, 0.4608042465964932, 0.4312792863045238, 0.40187366243182415, 0.3897709047758857, 0.3762742957952278, 0.3624806604283223, 0.3499823169276764], "conv1_l2_norms": [0.15420543946149232, 0.16530435112819544, 0.14249815093122808, 0.12135501297548215, 0.10632698467084775, 0.09402468390383158, 0.0842362505495599, 0.07675902934803176, 0.0709045557951579, 0.06546573143000153], "conv2_l2_norms": [0.3174952840780584, 0.2182101373401421, 0.17052088304227028, 0.14047076619511503, 0.12156300377961382, 0.10686129046505413, 0.09535890854587148, 0.08694514424924439, 0.08065812813964927, 0.07481974716441238], "fc1_l2_norms": [0.6800718103679858, 0.413537610161567, 0.35131591066175943, 0.31718673577065043, 0.29593934952364553, 0.2742568780183847, 0.26607294866899744, 0.2574878978962216, 0.24901457627616475, 0.24409990556094396], "fc2_l2_norms": [0.42245377602122586, 0.39287285523673204, 0.36142654784184025, 0.33267489020650026, 0.31213601836355515, 0.2923671261933446, 0.2833846424332319, 0.2728932763143623, 0.261987294170618, 0.24942891771749548], "count_dead_neurons": [], "k": 2, "operation": "DIF", "control_points": [[0.028979241847991943, 0.4018985629081726], [0.25984418392181396, 0.3666413426399231], [0.05830073356628418, 0.7006447315216064], [0.05179738998413086, 0.4681392312049866]], "knots": [-5.010000228881836, -5.010000228881836, -1.6700000762939453, 1.6700000762939453, 5.010000228881836, 5.010000228881836], "min_knot": -5.01, "max_knot": 5.01, "cp_mode": "random", "cp_count": 4, "repeated_start_knots": 2, "repeated_end_knots": 2, "num_knots": 6, "free_knots": 2, "n": 3}