{"dataset": "MNIST", "batch_size": 128, "learning_rate": 0.01, "num_epochs": 5, "seed": 9859283, "activation": "B_SPLINE_DIF", "train_losses": [2.296118775410439, 2.2972412444889416, 2.297453601223065, 2.2974612057081925, 2.29728337950798], "test_losses": [2.2967607492133033, 2.2972307899330238, 2.297320981568928, 2.2971852912178523, 2.296972808958609], "test_accuracies": [15.49, 11.35, 11.35, 11.35, 11.35], "train_times": [15.64, 15.01, 15.45, 14.58, 15.19], "count_dead_neurons": [], "k": 3, "operation": "DIF", "control_points": [[0.5167590975761414, 0.43356209993362427], [0.4973334074020386, 0.41004443168640137], [0.9193550944328308, 0.6096861958503723], [0.5613484382629395, 0.6475276947021484]], "knots": [-1.3131167888641357, -1.3131167888641357, -1.3131167888641357, 12.339221954345703, 25.991559982299805, 25.991559982299805, 25.991559982299805], "min_knot": -1.313116798400879, "max_knot": 25.99155975341797, "cp_mode": "random", "cp_count": 4, "repeated_start_knots": 3, "repeated_end_knots": 3, "num_knots": 7, "free_knots": 1, "n": 3}