{"dataset": "MNIST", "batch_size": 128, "learning_rate": 0.01, "num_epochs": 10, "seed": 9859283, "activation": "B_SPLINE_DIF", "train_losses": [2.2936569205733504, 2.2961765387927544, 2.297291920891703, 2.2975047773389674, 2.297412679139485, 2.2971442645546722, 2.2968035283119184, 2.2964496414290307, 2.29604733930722, 2.2956080868808444], "test_losses": [2.2947604595860347, 2.2968213739274423, 2.297227965125555, 2.2972910343846187, 2.2971011204055594, 2.2968195872970774, 2.296484319469597, 2.296115872226184, 2.295709703542009, 2.2952756217763395], "test_accuracies": [19.62, 11.35, 11.35, 11.35, 11.35, 11.35, 11.35, 11.35, 11.35, 11.35], "train_times": [18.43, 20.73, 18.14, 18.34, 16.75, 19.26, 19.54, 18.54, 17.63, 18.5], "l2_norms": [0.21764444161839522, 0.14090729744154487, 0.12909405522398387, 0.12674097942943416, 0.12362462312598249, 0.121823719158054, 0.12267394541642677, 0.12188947570672908, 0.12154429273195734, 0.12284763377420921], "conv_l2_norms": [0.05877565646902936, 0.031507634862384226, 0.024797828816010226, 0.02427064385968792, 0.02384959012577416, 0.024257753173602143, 0.025890778923889447, 0.02678084857930118, 0.026300848843101864, 0.02841257045980165], "fc_l2_norms": [0.20901400035371576, 0.13660587563763466, 0.1259742878325386, 0.12366238125950435, 0.12053197005546853, 0.11850206799164886, 0.11895842514805889, 0.1177882936161167, 0.11752419722757228, 0.11836705912246392], "conv1_l2_norms": [0.015856356312908416, 0.012671783545800626, 0.01121058063161858, 0.011839154889852595, 0.01236732917186709, 0.013181739474698074, 0.014627014461394125, 0.015598370285555656, 0.01574611308946601, 0.017383594391081374], "conv2_l2_norms": [0.056421616982573156, 0.028811147427228824, 0.022081070136506228, 0.021147727292371046, 0.02035144275051413, 0.02032665091061696, 0.0213308082129718, 0.021736742092747546, 0.021033296388203705, 0.022448236556189737], "fc1_l2_norms": [0.14425051703128533, 0.05234027805254817, 0.03580749401135398, 0.03140392642025626, 0.02871786199175809, 0.026953240670373965, 0.026746252519105364, 0.026348764866907567, 0.024792717518359708, 0.025823416932501432], "fc2_l2_norms": [0.1459781243725068, 0.12522327041852374, 0.1199125849155597, 0.1187842805112857, 0.11624972784502216, 0.11449845586919712, 0.11500509599974566, 0.11382158374218489, 0.11393974182860708, 0.11459135714518527], "count_dead_neurons": [], "k": 3, "operation": "DIF", "control_points": [[0.5167590975761414, 0.43356209993362427], [0.4973334074020386, 0.41004443168640137], [0.9193550944328308, 0.6096861958503723], [0.5613484382629395, 0.6475276947021484]], "knots": [-5.010000228881836, -5.010000228881836, -5.010000228881836, 0.0, 5.010000228881836, 5.010000228881836, 5.010000228881836], "min_knot": -5.01, "max_knot": 5.01, "cp_mode": "random", "cp_count": 4, "repeated_start_knots": 3, "repeated_end_knots": 3, "num_knots": 7, "free_knots": 1, "n": 3}