{"dataset": "MNIST", "batch_size": 128, "learning_rate": 0.01, "num_epochs": 5, "seed": 9859283, "activation": "B_SPLINE_DIF", "train_losses": [2.242304420166178, 2.225132659554227, 2.2213663343173353, 2.2175185965068303, 2.2133381737829017], "test_losses": [2.224801039393944, 2.2216818393031255, 2.2183297404760047, 2.2132656212094464, 2.2099051566063603], "test_accuracies": [44.98, 39.79, 36.7, 35.08, 33.67], "train_times": [11.08, 11.08, 10.77, 10.91, 11.18], "count_dead_neurons": [], "k": 2, "operation": "DIF", "control_points": [[0.5167590975761414, 0.43356209993362427], [0.4973334074020386, 0.41004443168640137], [0.9193550944328308, 0.6096861958503723], [0.5613484382629395, 0.6475276947021484]], "knots": [-5.010000228881836, -5.010000228881836, -1.6700000762939453, 1.6700000762939453, 5.010000228881836, 5.010000228881836], "min_knot": -5.01, "max_knot": 5.01, "cp_mode": "random", "cp_count": 4, "repeated_start_knots": 2, "repeated_end_knots": 2, "num_knots": 6, "free_knots": 2, "n": 3}