{"dataset": "MNIST", "batch_size": 128, "learning_rate": 0.01, "num_epochs": 10, "activation": "B_SPLINE_SUM", "seed": 2934, "train_losses": [1.2177908120633187, 0.4086959548215114, 0.22689439486593072, 0.15961094855118407, 0.1260058904952332, 0.10574661153974309, 0.09175610998228415, 0.08137765848465058, 0.07345686656341496, 0.06721408360961403], "test_losses": [0.5848579742485964, 0.273788334919682, 0.17339233959777445, 0.13136583569023427, 0.11175878264622975, 0.09476771391928196, 0.08444023193626464, 0.07625366109600172, 0.06955933686392972, 0.06438018246612782], "test_accuracies": [94.05, 96.31, 97.1, 97.65, 97.88, 98.04, 98.36, 98.47, 98.57, 98.72], "train_times": [9.22, 10.4, 7.84, 10.66, 9.61, 10.91, 8.97, 10.4, 9.69, 7.26], "count_dead_neurons": []}