{"dataset": "MNIST", "batch_size": 128, "learning_rate": 0.01, "num_epochs": 5, "seed": 2934, "activation": "B_SPLINE_SUM", "train_losses": [2.292063077629756, 2.2900635067587976, 2.2891218580925132, 2.28815729226639, 2.2873944183910835], "test_losses": [2.2891781692263447, 2.2886147468904907, 2.2872173031674157, 2.28761235973503, 2.287372178669217], "test_accuracies": [21.93, 11.35, 11.35, 10.28, 12.98], "train_times": [15.53, 16.57, 17.11, 15.72, 15.72], "count_dead_neurons": [], "k": 3, "operation": "SUM", "control_points": [[0.48105359077453613, 0.2059534192085266], [0.742104172706604, 0.056513845920562744], [0.2335154414176941, 0.6265234351158142], [0.4124048948287964, 0.7906419038772583]], "knots": [-4.916337490081787, -4.916337490081787, -4.916337490081787, 14.292671203613281, 33.501678466796875, 33.501678466796875, 33.501678466796875], "min_knot": -4.916337261199951, "max_knot": 33.50168014526367, "cp_mode": "random", "cp_count": 4, "repeated_start_knots": 3, "repeated_end_knots": 3, "num_knots": 7, "free_knots": 1, "n": 3}