{"dataset": "MNIST", "batch_size": 128, "learning_rate": 0.01, "num_epochs": 10, "seed": 9859283, "activation": "B_SPLINE_SUM", "train_losses": [2.1303694624382294, 1.9571149283126472, 1.849795863826646, 1.75862982634034, 1.6784328369697783, 1.6062869804500262, 1.5421285484391234, 1.484230671610151, 1.432367781077875, 1.3845806144702155], "test_losses": [2.0143647148639343, 1.8924991390373134, 1.7923177480697632, 1.7070066959043093, 1.630265564858159, 1.5617034721978102, 1.496995750861832, 1.4446324834340736, 1.3931724300867394, 1.3496849883960773], "test_accuracies": [58.36, 56.97, 59.84, 63.34, 66.28, 66.7, 65.96, 64.92, 70.03, 67.58], "train_times": [17.67, 19.75, 18.55, 18.53, 20.32, 18.86, 19.46, 18.53, 19.59, 21.28], "l2_norms": [1.2814947032229245, 1.1871761248486616, 1.1413659942380485, 1.1152445442253953, 1.0821744307388133, 1.0437493634347677, 1.0436374987655104, 1.009567558799581, 1.0002623862592779, 0.9929621596456116], "conv_l2_norms": [0.2563711478764597, 0.23990513096693544, 0.21776408409081102, 0.19876231356465435, 0.1836621514196961, 0.17106898038661367, 0.1610936236220015, 0.1529783706641165, 0.14473720278034033, 0.13712733366320776], "fc_l2_norms": [1.2543489953611648, 1.1612394483825075, 1.119203046346007, 1.0963364131124738, 1.065594331962737, 1.0285210435704824, 1.0304380449338086, 0.9970725246749325, 0.9889520829915397, 0.9828562545307227], "conv1_l2_norms": [0.09943287697162603, 0.14186817466911647, 0.13947698710190928, 0.13075614323570553, 0.12275203424787665, 0.11543438096318864, 0.10899574416049118, 0.10362793370168442, 0.09828679600711654, 0.09328150851322652], "conv2_l2_norms": [0.23408653665024562, 0.19327904012297914, 0.16716160736086993, 0.14963315899707477, 0.13656378893975837, 0.12621320797744134, 0.11856266294812448, 0.112465691417016, 0.10618686036997255, 0.10045787696248688], "fc1_l2_norms": [0.5251726576453009, 0.3594306363157194, 0.3132615026380175, 0.2918114721336365, 0.2749289108059424, 0.26321531547261645, 0.25658742931339035, 0.25101148720453426, 0.24721026778234878, 0.24645488172711724], "fc2_l2_norms": [1.1354337364102467, 1.1033833881571935, 1.0737936670876072, 1.0560295230031973, 1.0288113503610246, 0.9933186247129066, 0.9970676204334497, 0.9639280874072427, 0.9565675439060537, 0.950459090115471], "count_dead_neurons": [], "k": 3, "operation": "SUM", "control_points": [[0.5167590975761414, 0.43356209993362427], [0.4973334074020386, 0.41004443168640137], [0.9193550944328308, 0.6096861958503723], [0.5613484382629395, 0.6475276947021484]], "knots": [-5.010000228881836, -5.010000228881836, -5.010000228881836, 0.0, 5.010000228881836, 5.010000228881836, 5.010000228881836], "min_knot": -5.01, "max_knot": 5.01, "cp_mode": "random", "cp_count": 4, "repeated_start_knots": 3, "repeated_end_knots": 3, "num_knots": 7, "free_knots": 1, "n": 3}