{"dataset": "MNIST", "batch_size": 128, "learning_rate": 0.01, "num_epochs": 10, "seed": 1234, "activation": "B_SPLINE_SUM", "train_losses": [2.2501848501437256, 2.232452820613186, 2.227228993800149, 2.221974725153909, 2.2175850354786366, 2.2124710769287304, 2.2072480268824073, 2.20212256882999, 2.197411459900423, 2.1928139175179164], "test_losses": [2.2330110918117474, 2.226453331452382, 2.2213117442553556, 2.216883079915107, 2.2109369537498376, 2.206724426414393, 2.2011438110206702, 2.1977624621572374, 2.190476598618906, 2.18812601475776], "test_accuracies": [37.77, 32.18, 29.39, 34.97, 23.97, 41.3, 23.87, 35.16, 32.71, 30.84], "train_times": [15.53, 15.2, 14.02, 15.82, 14.8, 16.47, 14.84, 15.67, 14.76, 15.05], "l2_norms": [0.691468545656386, 0.6229800578214874, 0.6133531540726811, 0.6046575346853637, 0.6015118222159815, 0.5917025064938712, 0.5927586330034722, 0.5909314918897661, 0.592735265614411, 0.5871435885079302], "conv_l2_norms": [0.12937922217661252, 0.10547823249626896, 0.09403880769072874, 0.09005697733252076, 0.08604477057487014, 0.08437480739482406, 0.08244210063348313, 0.08106753067624495, 0.07963484732607427, 0.07895107167363061], "fc_l2_norms": [0.6785671088591111, 0.6132550165029436, 0.6055102435300933, 0.5971935879023869, 0.594683032082599, 0.5849856553791771, 0.5862489541016039, 0.5846700518477069, 0.5867103658452105, 0.5811075403992911], "conv1_l2_norms": [0.04032739873748474, 0.04892029249744477, 0.050028589413860146, 0.05135054024909665, 0.05132390679979752, 0.05204766935663849, 0.05179863597026731, 0.051615561686895704, 0.05128391724748504, 0.05127632929768633], "conv2_l2_norms": [0.12257213852137873, 0.09336681044399937, 0.07959383792719928, 0.07395702881821624, 0.0690404438047886, 0.06639213571710471, 0.0641058167338219, 0.06246690178803434, 0.06086842210702489, 0.059964023224938136], "fc1_l2_norms": [0.2792754842362806, 0.1505056799198487, 0.11820171247240503, 0.10445319182747283, 0.09481293708387298, 0.08871094564771351, 0.08508138353332309, 0.08203552975380209, 0.07876313702730438, 0.0775280079593673], "fc2_l2_norms": [0.6143580617990689, 0.5938144764235094, 0.5934742644513912, 0.5875969231628514, 0.5867445045985821, 0.5778869182185211, 0.5796893272616762, 0.5785828100382584, 0.5810861912095555, 0.5755782471821209], "count_dead_neurons": [], "k": 2, "operation": "SUM", "control_points": [[0.028979241847991943, 0.4018985629081726], [0.25984418392181396, 0.3666413426399231], [0.05830073356628418, 0.7006447315216064], [0.05179738998413086, 0.4681392312049866]], "knots": [-5.010000228881836, -5.010000228881836, -1.6700000762939453, 1.6700000762939453, 5.010000228881836, 5.010000228881836], "min_knot": -5.01, "max_knot": 5.01, "cp_mode": "random", "cp_count": 4, "repeated_start_knots": 2, "repeated_end_knots": 2, "num_knots": 6, "free_knots": 2, "n": 3}