{"dataset": "MNIST", "batch_size": 128, "learning_rate": 0.01, "num_epochs": 5, "seed": 2934, "activation": "B_SPLINE_SUM", "train_losses": [2.2813899344218567, 2.272477044225502, 2.2692655063132996, 2.265869152825524, 2.2623377400420623], "test_losses": [2.272745370864868, 2.2697899945174593, 2.265996800193304, 2.2623213846472243, 2.259018964405301], "test_accuracies": [23.01, 12.31, 25.05, 25.78, 24.55], "train_times": [11.58, 10.24, 10.29, 12.04, 10.23], "l2_norms": [0.7728674847741139, 0.7261496678708106, 0.720687085268612, 0.7092762094825722, 0.7024679473347292], "count_dead_neurons": [], "k": 2, "operation": "SUM", "control_points": [[0.48105359077453613, 0.2059534192085266], [0.742104172706604, 0.056513845920562744], [0.2335154414176941, 0.6265234351158142], [0.4124048948287964, 0.7906419038772583]], "knots": [-5.010000228881836, -5.010000228881836, -1.6700000762939453, 1.6700000762939453, 5.010000228881836, 5.010000228881836], "min_knot": -5.01, "max_knot": 5.01, "cp_mode": "random", "cp_count": 4, "repeated_start_knots": 2, "repeated_end_knots": 2, "num_knots": 6, "free_knots": 2, "n": 3}