{"dataset": "MNIST", "batch_size": 128, "learning_rate": 0.01, "num_epochs": 10, "activation": "B_SPLINE_SUM", "seed": 1234, "k": 2, "train_losses": [1.962500801218598, 1.7399322557042656, 1.5663548397865377, 1.4275042207510487, 1.3198729090090753, 1.2376567534546354, 1.1708077370230832, 1.1165661173842862, 1.0693016136124698, 1.0280181277535363], "test_losses": [1.8259928437727917, 1.640643146973622, 1.4754924125309232, 1.3524031141136266, 1.2532725228538997, 1.1807749920253512, 1.1179463863372803, 1.0690401928334297, 1.0224669288985337, 0.9857058034667486], "test_accuracies": [67.21, 66.11, 72.57, 71.57, 69.64, 71.83, 76.33, 76.17, 78.49, 77.81], "train_times": [8.72, 8.64, 9.4, 8.6, 8.77, 9.01, 8.64, 8.98, 8.54, 8.46], "count_dead_neurons": []}