{"dataset": "MNIST", "batch_size": 128, "learning_rate": 0.01, "num_epochs": 10, "activation": "B_SPLINE_SUM", "seed": 9859283, "train_losses": [1.2402745824632868, 0.416220457060759, 0.23230960963567945, 0.16549209209838148, 0.130744672295, 0.10879042394348044, 0.09469190673596824, 0.083990641097143, 0.0757540185203049, 0.06928715669412984], "test_losses": [0.59522410548186, 0.28135521483572223, 0.1777586944967131, 0.13787094725272322, 0.11639110420983803, 0.0970173252840774, 0.08942032606588511, 0.08069946820835901, 0.07294096836608045, 0.06786501120563738], "test_accuracies": [93.71, 95.97, 97.04, 97.53, 97.81, 98.16, 98.2, 98.39, 98.44, 98.54], "train_times": [9.44, 9.04, 10.3, 10.35, 10.56, 8.4, 10.26, 9.09, 9.47, 10.74], "count_dead_neurons": []}