{"dataset": "MNIST", "batch_size": 128, "learning_rate": 0.01, "num_epochs": 5, "seed": 9859283, "activation": "B_SPLINE_SUM", "train_losses": [1.7838546851042236, 1.3422584027878002, 1.0912095263822754, 0.9286989208731824, 0.8177326588488337], "test_losses": [1.4986037619506256, 1.1801578228986715, 0.9826519225217119, 0.8505366059798228, 0.7556760254540021], "test_accuracies": [73.19, 79.46, 81.04, 84.28, 85.31], "train_times": [11.83, 11.12, 11.55, 11.43, 10.85], "count_dead_neurons": [], "k": 2, "operation": "SUM", "control_points": [[0.5167590975761414, 0.43356209993362427], [0.4973334074020386, 0.41004443168640137], [0.9193550944328308, 0.6096861958503723], [0.5613484382629395, 0.6475276947021484]], "knots": [-10.436369895935059, -10.436369895935059, 26.162212371826172, 62.760799407958984, 99.35938262939453, 99.35938262939453], "min_knot": -10.436369667053222, "max_knot": 99.35938049316407, "cp_mode": "random", "cp_count": 4, "repeated_start_knots": 2, "repeated_end_knots": 2, "num_knots": 6, "free_knots": 2, "n": 3}