{"dataset": "MNIST", "batch_size": 128, "learning_rate": 0.01, "num_epochs": 10, "activation": "B_SPLINE_SUM", "seed": 2934, "k": 3, "train_losses": [2.114585612882683, 1.9641425594337967, 1.8484389278680278, 1.7482313896293071, 1.6613345194472942, 1.5847791407916592, 1.5170040791476969, 1.4558684261622967, 1.3997033948837312, 1.347705639755802, 2.2761430969116274, 2.260953370442014, 2.248442988405858, 2.234286906114265, 2.227991715168902, 2.223613934730416, 2.2199116424202665, 2.2164105880997584, 2.212168193320984, 2.208577469213685], "test_losses": [2.022570537615426, 1.8925330714334416, 1.7855986552902414, 1.6887581725663776, 1.6074730504917194, 1.534545448761952, 1.4659864419623265, 1.4076374452325362, 1.35591396198997, 1.3075315801403191, 2.2646791180477868, 2.2536666845973534, 2.239198482489284, 2.2284867793698853, 2.2219925198373915, 2.2204506065272076, 2.215795631650128, 2.208384559124331, 2.207872242867192, 2.201550966576685], "test_accuracies": [45.25, 41.9, 50.89, 48.97, 64.32, 60.43, 63.98, 65.35, 65.11, 65.68, 32.28, 28.06, 22.18, 33.2, 32.45, 28.42, 20.34, 22.43, 25.9, 25.38], "train_times": [8.05, 8.79, 9.51, 9.47, 9.79, 9.99, 8.21, 8.35, 8.31, 9.24, 12.1, 10.9, 11.5, 11.47, 11.72, 11.64, 11.66, 10.52, 12.14, 11.18], "count_dead_neurons": []}