{"dataset": "MNIST", "batch_size": 128, "learning_rate": 0.01, "num_epochs": 5, "seed": 9859283, "activation": "B_SPLINE_SUM", "train_losses": [2.1303694624382294, 1.9571149283126472, 1.849795863826646, 1.75862982634034, 1.6784328369697783], "test_losses": [2.0143647148639343, 1.8924991390373134, 1.7923177480697632, 1.7070066959043093, 1.630265564858159], "test_accuracies": [58.36, 56.97, 59.84, 63.34, 66.28], "train_times": [15.25, 15.76, 15.73, 15.73, 15.71], "count_dead_neurons": [], "k": 3, "operation": "SUM", "control_points": [[0.5167590975761414, 0.43356209993362427], [0.4973334074020386, 0.41004443168640137], [0.9193550944328308, 0.6096861958503723], [0.5613484382629395, 0.6475276947021484]], "knots": [-5.010000228881836, -5.010000228881836, -5.010000228881836, 0.0, 5.010000228881836, 5.010000228881836, 5.010000228881836], "min_knot": -5.01, "max_knot": 5.01, "cp_mode": "random", "cp_count": 4, "repeated_start_knots": 3, "repeated_end_knots": 3, "num_knots": 7, "free_knots": 1, "n": 3}