{"dataset": "MNIST", "batch_size": 128, "learning_rate": 0.01, "num_epochs": 5, "seed": 9859283, "activation": "B_SPLINE_SUM", "train_losses": [1.8125151792314769, 1.3864079886662173, 1.1354535271618158, 0.9685246087849013, 0.852991235789968], "test_losses": [1.5386102169374876, 1.2285835637321956, 1.025730299044259, 0.889491237417052, 0.7908334558523153], "test_accuracies": [71.33, 75.59, 81.11, 82.95, 84.73], "train_times": [9.85, 10.84, 11.1, 9.35, 8.82], "l2_norms": [1.5263731401872023, 1.2284920762920168, 1.0892205306946703, 1.0071378273017875, 0.9412848160761688], "count_dead_neurons": [], "k": 2, "operation": "SUM", "control_points": [[0.5167590975761414, 0.43356209993362427], [0.4973334074020386, 0.41004443168640137], [0.9193550944328308, 0.6096861958503723], [0.5613484382629395, 0.6475276947021484]], "knots": [-5.010000228881836, -5.010000228881836, -1.6700000762939453, 1.6700000762939453, 5.010000228881836, 5.010000228881836], "min_knot": -5.01, "max_knot": 5.01, "cp_mode": "random", "cp_count": 4, "repeated_start_knots": 2, "repeated_end_knots": 2, "num_knots": 6, "free_knots": 2, "n": 3}