{"dataset": "MNIST", "batch_size": 128, "learning_rate": 0.01, "num_epochs": 10, "seed": 1234, "activation": "B_SPLINE_SUM", "train_losses": [2.2858677291666774, 2.278558601448531, 2.276048984608925, 2.274412937001633, 2.2733811132435098, 2.2721898367664197, 2.2710739219112437, 2.2699601924749833, 2.269369412078532, 2.268359119704029], "test_losses": [2.2798435024068326, 2.2754318050191373, 2.2740987825997268, 2.2729174275941486, 2.271099507054196, 2.2709547749048546, 2.269548690771755, 2.270283095444305, 2.2670873931691617, 2.2684716997267325], "test_accuracies": [18.87, 11.35, 15.52, 18.29, 18.06, 16.96, 19.42, 19.91, 24.31, 32.77], "train_times": [19.16, 20.52, 19.66, 19.78, 17.43, 19.86, 20.17, 20.43, 22.82, 21.0], "l2_norms": [0.6310266366239068, 0.5877378197089106, 0.590562052918669, 0.5896105758298064, 0.5923148731607001, 0.5875561995479075, 0.5938077219632742, 0.5965943853464533, 0.6018261211529318, 0.6008422617141257], "conv_l2_norms": [0.06338796832119525, 0.047984227292289496, 0.043154397539042044, 0.04037066709939064, 0.03840095063772362, 0.036672312630840385, 0.035629837646720265, 0.0347026567600478, 0.033645444286679954, 0.03324182096263139], "fc_l2_norms": [0.6276246050691818, 0.5856565559188793, 0.5888858801785306, 0.5880984489997664, 0.590970158784239, 0.5863157011673718, 0.5926415095863068, 0.5954910245985656, 0.6008023016055843, 0.5998268118533272], "conv1_l2_norms": [0.01580255118762884, 0.017315778222263333, 0.01832253183988373, 0.01898138184688892, 0.01939655220321333, 0.01941827064313634, 0.01934538024688136, 0.019387998348604187, 0.019208773869868447, 0.019368661916754504], "conv2_l2_norms": [0.0613093602274969, 0.044732346516897205, 0.039056667877635474, 0.035614284516137705, 0.03312440127174913, 0.031094586628944702, 0.029910884443597387, 0.0287714599491641, 0.027615469699004982, 0.027007347464330353], "fc1_l2_norms": [0.16202058896423238, 0.08657402182631867, 0.06501547133228881, 0.053979978246538975, 0.046863906957941924, 0.04189214826453892, 0.038990077455526545, 0.03645585182522106, 0.03422820182651995, 0.032875395475770564], "fc2_l2_norms": [0.6040891994808129, 0.5790451522316105, 0.585189425256577, 0.5855138931394754, 0.5890361208673991, 0.58475134464704, 0.5912939400554617, 0.594313304511419, 0.5997717471488858, 0.5988635474264952], "count_dead_neurons": [], "k": 3, "operation": "SUM", "control_points": [[0.028979241847991943, 0.4018985629081726], [0.25984418392181396, 0.3666413426399231], [0.05830073356628418, 0.7006447315216064], [0.05179738998413086, 0.4681392312049866]], "knots": [-5.010000228881836, -5.010000228881836, -5.010000228881836, 0.0, 5.010000228881836, 5.010000228881836, 5.010000228881836], "min_knot": -5.01, "max_knot": 5.01, "cp_mode": "random", "cp_count": 4, "repeated_start_knots": 3, "repeated_end_knots": 3, "num_knots": 7, "free_knots": 1, "n": 3}