{"dataset": "MNIST", "batch_size": 128, "learning_rate": 0.01, "num_epochs": 5, "seed": 1234, "activation": "B_SPLINE_SUM", "train_losses": [2.2522436743860306, 2.234766543292796, 2.229407911361662, 2.224611007836836, 2.2197235845553593], "test_losses": [2.236481524720977, 2.2295241355895996, 2.227996246724189, 2.2190995156010493, 2.2134613658808453], "test_accuracies": [37.55, 35.1, 29.53, 23.8, 24.47], "train_times": [9.7, 11.05, 10.76, 10.33, 10.9], "count_dead_neurons": [], "k": 2, "operation": "SUM", "control_points": [[0.028979241847991943, 0.4018985629081726], [0.25984418392181396, 0.3666413426399231], [0.05830073356628418, 0.7006447315216064], [0.05179738998413086, 0.4681392312049866]], "knots": [-19.206438064575195, -19.206438064575195, 2.1852550506591797, 23.576946258544922, 44.9686393737793, 44.9686393737793], "min_knot": -19.20643783569336, "max_knot": 44.96864105224609, "cp_mode": "random", "cp_count": 4, "repeated_start_knots": 2, "repeated_end_knots": 2, "num_knots": 6, "free_knots": 2, "n": 3}