{"dataset": "MNIST", "batch_size": 128, "learning_rate": 0.01, "num_epochs": 5, "seed": 9859283, "activation": "B_SPLINE_SUM", "train_losses": [2.128135036812154, 1.9544377146499243, 1.846570366989575, 1.7550250200320408, 1.6737905956788866], "test_losses": [2.013320885127104, 1.8927578413033788, 1.790933678421793, 1.7033805741539485, 1.6250178406510172], "test_accuracies": [46.88, 55.06, 57.61, 61.46, 63.54], "train_times": [15.38, 14.43, 15.24, 15.25, 14.9], "count_dead_neurons": [], "k": 3, "operation": "SUM", "control_points": [[0.5167590975761414, 0.43356209993362427], [0.4973334074020386, 0.41004443168640137], [0.9193550944328308, 0.6096861958503723], [0.5613484382629395, 0.6475276947021484]], "knots": [-27.199813842773438, -27.199813842773438, -27.199813842773438, 55.616004943847656, 138.43182373046875, 138.43182373046875, 138.43182373046875], "min_knot": -27.199813613891603, "max_knot": 138.4318292236328, "cp_mode": "random", "cp_count": 4, "repeated_start_knots": 3, "repeated_end_knots": 3, "num_knots": 7, "free_knots": 1, "n": 3}