{"dataset": "MNIST", "batch_size": 128, "learning_rate": 0.01, "num_epochs": 10, "seed": 2934, "activation": "B_SPLINE_SUM", "train_losses": [2.2813899344218567, 2.272477044225502, 2.2692655063132996, 2.265869152825524, 2.2623377400420623, 2.259057545204407, 2.2555254461414522, 2.252409875520003, 2.249153000459488, 2.24564790725708], "test_losses": [2.272745370864868, 2.2697899945174593, 2.265996800193304, 2.2623213846472243, 2.259018964405301, 2.255785100067718, 2.2522627220878118, 2.2491989135742188, 2.244819665256935, 2.2428105149088027], "test_accuracies": [23.01, 12.31, 25.05, 25.78, 24.55, 21.8, 19.8, 23.84, 24.06, 21.73], "train_times": [12.07, 10.67, 11.44, 12.05, 11.11, 12.11, 12.52, 11.37, 11.29, 11.98], "l2_norms": [0.7728674847741139, 0.7261496678708106, 0.720687085268612, 0.7092762094825722, 0.7024679473347292, 0.7119529872571306, 0.6991833073426647, 0.7158029370481018, 0.6885597316973027, 0.6969939322558805], "conv_l2_norms": [0.08219337613668723, 0.07349876799698836, 0.07031464913527298, 0.07179381155982535, 0.07077010840377858, 0.07289578761350571, 0.07414404172104189, 0.0761600172339558, 0.07473676192519627, 0.0778788713169679], "fc_l2_norms": [0.7680455240956132, 0.7218770574662878, 0.7166884218105545, 0.7049926677504833, 0.6982122927252599, 0.7075137417375349, 0.6945008104830354, 0.710891522167126, 0.6837237748029693, 0.6916559119808435], "conv1_l2_norms": [0.023991622459354274, 0.030827121385033594, 0.034185807970028764, 0.03836012135570119, 0.03984376477165442, 0.04281246249861298, 0.04483691438350129, 0.04708098152403975, 0.04681632408006259, 0.04939070132019383], "conv2_l2_norms": [0.0784512224272533, 0.06668951606736251, 0.06142030011800994, 0.060665871538558826, 0.05845905599930011, 0.05896397570376367, 0.05901220110508742, 0.059816755008370935, 0.05819736004567494, 0.06014830858460237], "fc1_l2_norms": [0.18725690988903684, 0.11016677563220317, 0.09152745279030122, 0.08370726120534544, 0.07850887340274683, 0.07592341963145534, 0.07423534173952247, 0.07393834864352687, 0.070792870443171, 0.07167481871752807], "fc2_l2_norms": [0.7431607460033334, 0.712988119181946, 0.7104865254753406, 0.6996554281821168, 0.6934115021135978, 0.703080517130908, 0.6901673523656084, 0.7066192814923785, 0.6796823832146237, 0.6874517877653544], "count_dead_neurons": [], "k": 2, "operation": "SUM", "control_points": [[0.48105359077453613, 0.2059534192085266], [0.742104172706604, 0.056513845920562744], [0.2335154414176941, 0.6265234351158142], [0.4124048948287964, 0.7906419038772583]], "knots": [-5.010000228881836, -5.010000228881836, -1.6700000762939453, 1.6700000762939453, 5.010000228881836, 5.010000228881836], "min_knot": -5.01, "max_knot": 5.01, "cp_mode": "random", "cp_count": 4, "repeated_start_knots": 2, "repeated_end_knots": 2, "num_knots": 6, "free_knots": 2, "n": 3}