{"dataset": "MNIST", "batch_size": 128, "learning_rate": 0.01, "num_epochs": 10, "activation": "B_SPLINE_SUM", "seed": 1234, "train_losses": [1.1590110181109992, 0.38471778235964177, 0.21366783333167846, 0.15374090317597014, 0.12186043736522895, 0.10242067688087156, 0.08945704113318721, 0.07941968906233941, 0.07181357597904418, 0.06551207459446337], "test_losses": [0.6345420151571685, 0.2534847013369391, 0.16192918289688568, 0.12523655612257462, 0.10318761935481165, 0.08962651028568987, 0.08129182197389347, 0.07218971127597025, 0.06564496584307355, 0.06246835919379999], "test_accuracies": [95.19, 96.56, 97.34, 97.85, 98.07, 98.3, 98.39, 98.56, 98.66, 98.72], "train_times": [9.68, 10.59, 8.83, 9.69, 11.23, 9.51, 10.96, 9.51, 8.08, 10.72], "count_dead_neurons": []}