{"dataset": "MNIST", "batch_size": 128, "learning_rate": 0.01, "num_epochs": 5, "seed": 2934, "activation": "B_SPLINE_SUM", "train_losses": [2.292043142481399, 2.2897704150885154, 2.2889393316403126, 2.288162491214809, 2.287413455784194], "test_losses": [2.289238166205491, 2.288861896418318, 2.287682367276542, 2.2867859858500807, 2.286195845543584], "test_accuracies": [12.15, 11.35, 13.92, 10.3, 15.07], "train_times": [14.55, 15.48, 14.38, 15.2, 14.38], "count_dead_neurons": [], "k": 3, "operation": "SUM", "control_points": [[0.48105359077453613, 0.2059534192085266], [0.742104172706604, 0.056513845920562744], [0.2335154414176941, 0.6265234351158142], [0.4124048948287964, 0.7906419038772583]], "knots": [-5.010000228881836, -5.010000228881836, -5.010000228881836, 0.0, 5.010000228881836, 5.010000228881836, 5.010000228881836], "min_knot": -5.01, "max_knot": 5.01, "cp_mode": "random", "cp_count": 4, "repeated_start_knots": 3, "repeated_end_knots": 3, "num_knots": 7, "free_knots": 1, "n": 3}