{"dataset": "MNIST", "batch_size": 128, "learning_rate": 0.01, "num_epochs": 5, "seed": 1234, "activation": "B_SPLINE_SUM", "train_losses": [2.285386975640173, 2.277936955759012, 2.2756082355849014, 2.2744864299099072, 2.2732947508155155], "test_losses": [2.280224241787874, 2.2757969989052302, 2.277135640760011, 2.2724823136872883, 2.271187317522266], "test_accuracies": [29.4, 19.69, 21.67, 17.21, 13.78], "train_times": [14.07, 14.95, 15.32, 14.59, 15.92], "count_dead_neurons": [], "k": 3, "operation": "SUM", "control_points": [[0.028979241847991943, 0.4018985629081726], [0.25984418392181396, 0.3666413426399231], [0.05830073356628418, 0.7006447315216064], [0.05179738998413086, 0.4681392312049866]], "knots": [-11.65365219116211, -11.65365219116211, -11.65365219116211, 5.635297775268555, 22.92424964904785, 22.92424964904785, 22.92424964904785], "min_knot": -11.653651962280273, "max_knot": 22.924249420166017, "cp_mode": "random", "cp_count": 4, "repeated_start_knots": 3, "repeated_end_knots": 3, "num_knots": 7, "free_knots": 1, "n": 3}