{"dataset": "MNIST", "batch_size": 128, "learning_rate": 0.01, "num_epochs": 10, "seed": 9859283, "activation": "B_SPLINE_SUM", "train_losses": [1.8125151792314769, 1.3864079886662173, 1.1354535271618158, 0.9685246087849013, 0.852991235789968, 0.7676339360442497, 0.7032256198844422, 0.6515046738739461, 0.6099635273027522, 0.5753858512017265], "test_losses": [1.5386102169374876, 1.2285835637321956, 1.025730299044259, 0.889491237417052, 0.7908334558523153, 0.7167282164851322, 0.6579255246663396, 0.6133058297483227, 0.5771147061752367, 0.5463819662226906], "test_accuracies": [71.33, 75.59, 81.11, 82.95, 84.73, 85.5, 86.21, 87.01, 87.94, 88.36], "train_times": [13.51, 15.23, 14.24, 13.75, 13.51, 14.53, 15.79, 13.96, 14.33, 14.24], "l2_norms": [1.5263731401872023, 1.2284920762920168, 1.0892205306946703, 1.0071378273017875, 0.9412848160761688, 0.885922820119789, 0.8608071979626402, 0.8203624957480465, 0.8083995853634204, 0.7867707308257295], "conv_l2_norms": [0.42900318437704826, 0.3145243321328663, 0.2468311251422898, 0.20089545688940913, 0.1701303973603648, 0.14732923695091563, 0.13222772590475435, 0.11926473309999762, 0.11132659163361382, 0.10280192551354478], "fc_l2_norms": [1.4620249430518297, 1.1840231182490148, 1.0582003403797358, 0.9849524191888014, 0.9243376478118088, 0.872371955366474, 0.849712223668774, 0.8109091453672478, 0.8000136793116701, 0.7795655641195415], "conv1_l2_norms": [0.18155070682760246, 0.18389670535873262, 0.14928234092982332, 0.12296658682091112, 0.10368007880053819, 0.08902487494060762, 0.07888101630554367, 0.0703963321776077, 0.06410565974119889, 0.05846410667899409], "conv2_l2_norms": [0.3845212995007206, 0.2543121542673502, 0.19568973769234063, 0.1582354486309585, 0.13423999771747494, 0.1167093222174407, 0.10554084536378415, 0.09572690023883822, 0.09034092915435969, 0.08400338675168541], "fc1_l2_norms": [0.9684837709037453, 0.6840497769021097, 0.6119980572993634, 0.574511466023308, 0.5493684842030682, 0.5271126142662279, 0.5144931250694694, 0.5034604104757539, 0.5007543845410721, 0.49532670755472236], "fc2_l2_norms": [1.0858704589175878, 0.9622467707912744, 0.8597074734634583, 0.7964500937847195, 0.7398922523418963, 0.6912831891343179, 0.6727584011684726, 0.6316225078394971, 0.6199449828109874, 0.5984129332080419], "count_dead_neurons": [], "k": 2, "operation": "SUM", "control_points": [[0.5167590975761414, 0.43356209993362427], [0.4973334074020386, 0.41004443168640137], [0.9193550944328308, 0.6096861958503723], [0.5613484382629395, 0.6475276947021484]], "knots": [-5.010000228881836, -5.010000228881836, -1.6700000762939453, 1.6700000762939453, 5.010000228881836, 5.010000228881836], "min_knot": -5.01, "max_knot": 5.01, "cp_mode": "random", "cp_count": 4, "repeated_start_knots": 2, "repeated_end_knots": 2, "num_knots": 6, "free_knots": 2, "n": 3}