{"dataset": "MNIST", "batch_size": 128, "learning_rate": 0.01, "num_epochs": 5, "seed": 1234, "activation": "B_SPLINE_SUM", "train_losses": [2.2858677291666774, 2.278558601448531, 2.276048984608925, 2.274412937001633, 2.2733811132435098], "test_losses": [2.2798435024068326, 2.2754318050191373, 2.2740987825997268, 2.2729174275941486, 2.271099507054196], "test_accuracies": [18.87, 11.35, 15.52, 18.29, 18.06], "train_times": [11.86, 14.58, 12.84, 15.13, 12.54], "l2_norms": [0.6310266366239068, 0.5877378197089106, 0.590562052918669, 0.5896105758298064, 0.5923148731607001], "count_dead_neurons": [], "k": 3, "operation": "SUM", "control_points": [[0.028979241847991943, 0.4018985629081726], [0.25984418392181396, 0.3666413426399231], [0.05830073356628418, 0.7006447315216064], [0.05179738998413086, 0.4681392312049866]], "knots": [-5.010000228881836, -5.010000228881836, -5.010000228881836, 0.0, 5.010000228881836, 5.010000228881836, 5.010000228881836], "min_knot": -5.01, "max_knot": 5.01, "cp_mode": "random", "cp_count": 4, "repeated_start_knots": 3, "repeated_end_knots": 3, "num_knots": 7, "free_knots": 1, "n": 3}