{"dataset": "MNIST", "batch_size": 128, "learning_rate": 0.01, "num_epochs": 5, "seed": 1234, "activation": "B_SPLINE_SUM", "train_losses": [2.2501848501437256, 2.232452820613186, 2.227228993800149, 2.221974725153909, 2.2175850354786366], "test_losses": [2.2330110918117474, 2.226453331452382, 2.2213117442553556, 2.216883079915107, 2.2109369537498376], "test_accuracies": [37.77, 32.18, 29.39, 34.97, 23.97], "train_times": [11.87, 11.34, 11.18, 12.89, 11.21], "l2_norms": [0.691468545656386, 0.6229800578214874, 0.6133531540726811, 0.6046575346853637, 0.6015118222159815], "count_dead_neurons": [], "k": 2, "operation": "SUM", "control_points": [[0.028979241847991943, 0.4018985629081726], [0.25984418392181396, 0.3666413426399231], [0.05830073356628418, 0.7006447315216064], [0.05179738998413086, 0.4681392312049866]], "knots": [-5.010000228881836, -5.010000228881836, -1.6700000762939453, 1.6700000762939453, 5.010000228881836, 5.010000228881836], "min_knot": -5.01, "max_knot": 5.01, "cp_mode": "random", "cp_count": 4, "repeated_start_knots": 2, "repeated_end_knots": 2, "num_knots": 6, "free_knots": 2, "n": 3}