{"dataset": "MNIST", "batch_size": 128, "learning_rate": 0.01, "num_epochs": 10, "seed": 2934, "activation": "B_SPLINE_SUM", "train_losses": [2.292043142481399, 2.2897704150885154, 2.2889393316403126, 2.288162491214809, 2.287413455784194, 2.286709128666534, 2.285811452214906, 2.285198030187123, 2.284530317351254, 2.2836722992122303], "test_losses": [2.289238166205491, 2.288861896418318, 2.287682367276542, 2.2867859858500807, 2.286195845543584, 2.2857253551483154, 2.2850778827184364, 2.2844286508198026, 2.2828883340087116, 2.2831170076056373], "test_accuracies": [12.15, 11.35, 13.92, 10.3, 15.07, 11.36, 11.35, 12.85, 17.07, 18.31], "train_times": [17.61, 15.41, 14.62, 13.53, 15.18, 15.67, 17.63, 15.76, 17.54, 15.24], "l2_norms": [0.766564066116639, 0.7210148857807217, 0.7158674554719999, 0.703601216568382, 0.6965448904643358, 0.7049294650927387, 0.6910276666249708, 0.706914997626813, 0.6798299136859016, 0.6865002667554612], "conv_l2_norms": [0.051866124186863996, 0.033190173994349606, 0.03238002662610526, 0.03268859876796427, 0.03342428253774575, 0.03346806295330278, 0.034098348611546946, 0.034399454820917545, 0.03448228738426729, 0.034937944807151226], "fc_l2_norms": [0.764637165182046, 0.7201747287556597, 0.7150520794147888, 0.7027405595867088, 0.6956075015778311, 0.7040271171656924, 0.6900588084001755, 0.7059286391763359, 0.6788139922527883, 0.685446096362801], "conv1_l2_norms": [0.013442845170105437, 0.011451932843575886, 0.012532662178634163, 0.013743793122943698, 0.015140625389661192, 0.0161550529427928, 0.01724289090887625, 0.01816583567328579, 0.018875479724757446, 0.0197142442827196], "conv2_l2_norms": [0.050051366151488114, 0.031144812009835227, 0.029852386519832963, 0.029654982845768996, 0.02979382361414399, 0.02930580609307524, 0.02941403294394391, 0.029208108199102786, 0.028853541651167415, 0.028840343080385137], "fc1_l2_norms": [0.13211574488206293, 0.06242937077228498, 0.049418953821943196, 0.04303625277873123, 0.03976051602848791, 0.037141756211955396, 0.035548556206507764, 0.034435614495086496, 0.03300339663948994, 0.03234465543916328], "fc2_l2_norms": [0.7514427962299142, 0.7173173164123885, 0.7132412958213524, 0.7013228649159545, 0.6943487264276845, 0.7029593284295441, 0.6890429338903805, 0.7049778031232766, 0.67790978116173, 0.6845674131608911], "count_dead_neurons": [], "k": 3, "operation": "SUM", "control_points": [[0.48105359077453613, 0.2059534192085266], [0.742104172706604, 0.056513845920562744], [0.2335154414176941, 0.6265234351158142], [0.4124048948287964, 0.7906419038772583]], "knots": [-5.010000228881836, -5.010000228881836, -5.010000228881836, 0.0, 5.010000228881836, 5.010000228881836, 5.010000228881836], "min_knot": -5.01, "max_knot": 5.01, "cp_mode": "random", "cp_count": 4, "repeated_start_knots": 3, "repeated_end_knots": 3, "num_knots": 7, "free_knots": 1, "n": 3}