{"dataset": "MNIST", "batch_size": 128, "learning_rate": 0.01, "num_epochs": 5, "seed": 2934, "activation": "B_SPLINE_SUM", "train_losses": [2.281234801196849, 2.2732100273246196, 2.2703598414911137, 2.267478305902054, 2.264457445917353], "test_losses": [2.273123837724517, 2.2700875741017015, 2.2668403311620784, 2.2649454466904264, 2.262321668335154], "test_accuracies": [36.22, 15.98, 13.85, 17.7, 27.2], "train_times": [10.37, 9.36, 10.38, 10.14, 10.5], "count_dead_neurons": [], "k": 2, "operation": "SUM", "control_points": [[0.48105359077453613, 0.2059534192085266], [0.742104172706604, 0.056513845920562744], [0.2335154414176941, 0.6265234351158142], [0.4124048948287964, 0.7906419038772583]], "knots": [-5.7279510498046875, -5.7279510498046875, 11.292093276977539, 28.312135696411133, 45.33218002319336, 45.33218002319336], "min_knot": -5.727950820922851, "max_knot": 45.332181701660154, "cp_mode": "random", "cp_count": 4, "repeated_start_knots": 2, "repeated_end_knots": 2, "num_knots": 6, "free_knots": 2, "n": 3}