{"dataset": "MNIST", "batch_size": 128, "learning_rate": 0.01, "num_epochs": 10, "activation": "B_SPLINE_SUM_K2", "seed": 2934, "k": 3, "train_losses": [1.8803032046950447, 1.1350341430350916, 0.6265170691745368, 0.3791936690936973, 0.26156771179836696, 0.19892942636950947, 0.16070407393898792, 0.13684406646215586, 0.11929106242112768, 0.10616976015571593, 1.7756161135651156, 1.0326679157041538, 0.5933156267030916, 0.37814712298831454, 0.2699846654558487, 0.2087334297867472, 0.17170190876290234, 0.1455505652341253, 0.12698891295044662, 0.11343793987211134], "test_losses": [1.5062697295901142, 0.8094604098344151, 0.4510575885636897, 0.3002859963269173, 0.2204566562100302, 0.17097147931403753, 0.14205021231989318, 0.12124619260430336, 0.11078216677790956, 0.09734950308935551, 1.3708844456491591, 0.7697260523144203, 0.43787543079521085, 0.2931483895341052, 0.22074067328549637, 0.18147677466084686, 0.15134490644441376, 0.12901254606586468, 0.11950194213209273, 0.10402505118635637], "test_accuracies": [82.96, 93.95, 95.87, 96.63, 97.03, 97.51, 97.88, 97.94, 98.14, 98.28, 84.13, 94.28, 95.92, 96.73, 97.09, 97.41, 97.76, 97.97, 98.1, 98.27], "train_times": [9.24, 10.14, 8.82, 10.66, 9.56, 8.08, 9.63, 10.4, 8.73, 10.25, 10.2, 8.47, 10.62, 10.81, 8.53, 9.63, 9.23, 8.23, 9.44, 9.4], "count_dead_neurons": []}