{
    "dataset": "MNIST",
    "batch_size": 128,
    "learning_rate": 0.01,
    "num_epochs": 10,
    "activation": "B_SPLINE_SUM_K2",
    "seed": 1234,
    "k": 3,
    "train_losses": [
        1.8662545007429143,
        1.1761941402705747,
        0.7229847193780993,
        0.46793327224788384,
        0.3314531685701057,
        0.2528781709132164,
        0.20433524811763498,
        0.17205259543873352,
        0.14872783181001384,
        0.13164314994616294,
        1.8301297505018808,
        1.1395296617103283,
        0.7038086989541044,
        0.460089316119009,
        0.32456597317256397,
        0.24808406887023943,
        0.20120394420522109,
        0.16942921983026493,
        0.14637180918188236,
        0.12998614820050025
    ],
    "test_losses": [
        1.4588011880464191,
        0.8779955453510526,
        0.5553550395784499,
        0.35559928530379187,
        0.26800919776853127,
        0.21160703397627117,
        0.1782770335108419,
        0.15042558826411825,
        0.1320451307051544,
        0.12086517210531084,
        1.4142117183419722,
        0.8290777455402326,
        0.5420604800876183,
        0.3939603095567679,
        0.2682126486037351,
        0.21219816898243338,
        0.17553256494523603,
        0.1528437878417818,
        0.13124170908822289,
        0.11973496649084212
    ],
    "test_accuracies": [
        87.36,
        92.55,
        95.82,
        96.87,
        97.24,
        97.6,
        97.77,
        97.95,
        98.21,
        98.36,
        85.3,
        92.77,
        95.86,
        96.37,
        97.21,
        97.39,
        97.69,
        97.83,
        98.07,
        98.23
    ],
    "train_times": [
        9.44,
        8.49,
        9.73,
        9.21,
        7.96,
        9.15,
        10.19,
        8.78,
        9.85,
        9.53,
        9.58,
        8.24,
        10.07,
        9.2,
        8.51,
        9.16,
        9.46,
        9.77,
        10.61,
        10.41
    ],
    "count_dead_neurons": []
}