{"dataset": "MNIST", "batch_size": 128, "learning_rate": 0.01, "num_epochs": 10, "activation": "B_SPLINE_SUM_K2", "seed": 9859283, "train_losses": [1.8144187863701697, 1.111522071778393, 0.6720383884047648, 0.4318162519921626, 0.30493019661034093, 0.23443270063222343, 0.19069610856997687, 0.16172064542134942, 0.1397913198576553, 0.12422974722217649], "test_losses": [1.4313570079924185, 0.8508756832231449, 0.5138115226467953, 0.35657865073107464, 0.2638165607482572, 0.1986182979956458, 0.1736955886022954, 0.14645773304414145, 0.12972216110063506, 0.1164042156755547], "test_accuracies": [87.01, 92.4, 95.55, 96.36, 97.04, 97.43, 97.8, 97.93, 98.15, 98.21], "train_times": [10.88, 10.94, 9.03, 9.35, 10.9, 9.97, 8.08, 9.01, 10.69, 9.17], "count_dead_neurons": []}