{"dataset": "MNIST", "batch_size": 128, "learning_rate": 0.01, "num_epochs": 10, "seed": 1234, "activation": "B_SPLINE_MIN", "train_losses": [2.230381078049064, 2.1942292825499576, 2.1775356711609275, 2.162551382711447, 2.148434339047495, 2.1350994933642813, 2.122302132628874, 2.1094553358773434, 2.097881130063966, 2.086682930684039], "test_losses": [2.2010253139688998, 2.181978883622568, 2.1659676515603365, 2.1509439492527442, 2.136675481554828, 2.1238004919848863, 2.1106343993657752, 2.098149676866169, 2.0866031133675875, 2.076386524152152], "test_accuracies": [52.04, 47.69, 46.18, 44.48, 42.95, 43.63, 43.19, 43.07, 43.61, 43.15], "train_times": [16.56, 14.31, 14.77, 12.83, 14.86, 12.79, 14.37, 12.5, 14.03, 14.59], "l2_norms": [0.41329022260982423, 0.307187911668137, 0.276338940085494, 0.25968597696238965, 0.25014626856460703, 0.24028667374921198, 0.2341283713061149, 0.23167936551288482, 0.2275779689986434, 0.22505363958820043], "conv_l2_norms": [0.1586629000983875, 0.1470442910856154, 0.13656330567304759, 0.1284562547354645, 0.1250547874803132, 0.12047434279106721, 0.11567818035150271, 0.11355622870719408, 0.1113519096440756, 0.10903979869885451], "fc_l2_norms": [0.3800005452019474, 0.26830261312327347, 0.23861951361671283, 0.22371236328349395, 0.2149159233217936, 0.2061548769250577, 0.20191983566088775, 0.20021178663674907, 0.19677643942884313, 0.195081129844286], "conv1_l2_norms": [0.05312935171784132, 0.07431393838567013, 0.07822136652458578, 0.07759818929008974, 0.07794804411462437, 0.07672907992836117, 0.07462673315653873, 0.07371964365811935, 0.07284230124908198, 0.07144263671896735], "conv2_l2_norms": [0.14888417258729386, 0.12676592148626065, 0.11185873386592028, 0.10222856871795853, 0.09763252773579008, 0.09270238807353315, 0.0882146401802639, 0.0861667376793498, 0.08402571075532093, 0.08210965532511147], "fc1_l2_norms": [0.34366211130376323, 0.22033926182307587, 0.1843171064382577, 0.16635462369722054, 0.15604044111949106, 0.14627742743642186, 0.14017587965485254, 0.13813395578076837, 0.1337890084980167, 0.1327876698628255], "fc2_l2_norms": [0.1594887147015195, 0.15177495694954257, 0.15038608672229434, 0.14834370910934558, 0.146592326842607, 0.14401885868008846, 0.14411226525346124, 0.14362177752287067, 0.14282988602576058, 0.1414326841588045], "count_dead_neurons": [], "k": 2, "operation": "MIN", "control_points": [[0.028979241847991943, 0.4018985629081726], [0.25984418392181396, 0.3666413426399231], [0.05830073356628418, 0.7006447315216064], [0.05179738998413086, 0.4681392312049866]], "knots": [-5.010000228881836, -5.010000228881836, -1.6700000762939453, 1.6700000762939453, 5.010000228881836, 5.010000228881836], "min_knot": -5.01, "max_knot": 5.01, "cp_mode": "random", "cp_count": 4, "repeated_start_knots": 2, "repeated_end_knots": 2, "num_knots": 6, "free_knots": 2, "n": 3}