{"dataset": "MNIST", "batch_size": 128, "learning_rate": 0.01, "num_epochs": 5, "seed": 1234, "activation": "B_SPLINE_MIN", "train_losses": [2.2313118840077286, 2.1953108544542848, 2.179219607351177, 2.1642985338849554, 2.150241979912146], "test_losses": [2.2039950467363187, 2.184477513349509, 2.167972510374045, 2.152397113510325, 2.1386650936513005], "test_accuracies": [53.17, 47.22, 43.23, 41.83, 42.01], "train_times": [11.76, 11.63, 10.74, 11.76, 10.99], "count_dead_neurons": [], "k": 2, "operation": "MIN", "control_points": [[0.028979241847991943, 0.4018985629081726], [0.25984418392181396, 0.3666413426399231], [0.05830073356628418, 0.7006447315216064], [0.05179738998413086, 0.4681392312049866]], "knots": [-68.05291748046875, -68.05291748046875, -43.684425354003906, -19.315940856933594, 5.052550315856934, 5.052550315856934], "min_knot": -68.05291534423829, "max_knot": 5.052550086975097, "cp_mode": "random", "cp_count": 4, "repeated_start_knots": 2, "repeated_end_knots": 2, "num_knots": 6, "free_knots": 2, "n": 3}