{"dataset": "MNIST", "batch_size": 128, "learning_rate": 0.01, "num_epochs": 5, "seed": 9859283, "activation": "B_SPLINE_MIN", "train_losses": [2.2652741551145055, 2.2403596047399397, 2.23430363150802, 2.229687871709307, 2.225257966564154], "test_losses": [2.245284128792678, 2.2354903794542142, 2.230845566037335, 2.226047841808464, 2.2216103740885287], "test_accuracies": [26.79, 30.24, 26.86, 43.11, 29.98], "train_times": [10.15, 11.2, 11.36, 10.42, 11.39], "count_dead_neurons": [], "k": 2, "operation": "MIN", "control_points": [[0.5167590975761414, 0.43356209993362427], [0.4973334074020386, 0.41004443168640137], [0.9193550944328308, 0.6096861958503723], [0.5613484382629395, 0.6475276947021484]], "knots": [-3.408658027648926, -3.408658027648926, 12.8590726852417, 29.12680435180664, 45.394535064697266, 45.394535064697266], "min_knot": -3.4086580371856687, "max_knot": 45.39453674316406, "cp_mode": "random", "cp_count": 4, "repeated_start_knots": 2, "repeated_end_knots": 2, "num_knots": 6, "free_knots": 2, "n": 3}