{"dataset": "MNIST", "batch_size": 128, "learning_rate": 0.01, "num_epochs": 5, "seed": 2934, "activation": "B_SPLINE_MIN", "train_losses": [2.1750917444859486, 2.0723998134832646, 1.9891936812065303, 1.9055677647275457, 1.8250787169186038], "test_losses": [2.1106264772294443, 2.024738705610927, 1.9394524052173276, 1.8545135802860502, 1.774191500265387], "test_accuracies": [55.65, 57.91, 62.13, 63.44, 64.57], "train_times": [14.52, 16.83, 14.92, 16.62, 14.61], "l2_norms": [0.5632457520460801, 0.45726044929793797, 0.4381824788351001, 0.42249688688911746, 0.41342930638892705], "count_dead_neurons": [], "k": 3, "operation": "MIN", "control_points": [[0.48105359077453613, 0.2059534192085266], [0.742104172706604, 0.056513845920562744], [0.2335154414176941, 0.6265234351158142], [0.4124048948287964, 0.7906419038772583]], "knots": [-5.010000228881836, -5.010000228881836, -5.010000228881836, 0.0, 5.010000228881836, 5.010000228881836, 5.010000228881836], "min_knot": -5.01, "max_knot": 5.01, "cp_mode": "random", "cp_count": 4, "repeated_start_knots": 3, "repeated_end_knots": 3, "num_knots": 7, "free_knots": 1, "n": 3}