{"dataset": "MNIST", "batch_size": 128, "learning_rate": 0.01, "num_epochs": 5, "seed": 1234, "activation": "B_SPLINE_MIN", "train_losses": [2.230381078049064, 2.1942292825499576, 2.1775356711609275, 2.162551382711447, 2.148434339047495], "test_losses": [2.2010253139688998, 2.181978883622568, 2.1659676515603365, 2.1509439492527442, 2.136675481554828], "test_accuracies": [52.04, 47.69, 46.18, 44.48, 42.95], "train_times": [11.35, 11.46, 11.33, 11.48, 11.33], "count_dead_neurons": [], "k": 2, "operation": "MIN", "control_points": [[0.028979241847991943, 0.4018985629081726], [0.25984418392181396, 0.3666413426399231], [0.05830073356628418, 0.7006447315216064], [0.05179738998413086, 0.4681392312049866]], "knots": [-5.010000228881836, -5.010000228881836, -1.6700000762939453, 1.6700000762939453, 5.010000228881836, 5.010000228881836], "min_knot": -5.01, "max_knot": 5.01, "cp_mode": "random", "cp_count": 4, "repeated_start_knots": 2, "repeated_end_knots": 2, "num_knots": 6, "free_knots": 2, "n": 3}