{"dataset": "MNIST", "batch_size": 128, "learning_rate": 0.01, "num_epochs": 5, "seed": 9859283, "activation": "B_SPLINE_MIN", "train_losses": [2.289105456521008, 2.2738506133114096, 2.2707515993097953, 2.271693365914481, 2.2740517775895497], "test_losses": [2.277886653248268, 2.2702761269822904, 2.270200080509427, 2.2721486031254634, 2.2746350644510005], "test_accuracies": [12.16, 13.43, 21.24, 38.96, 11.36], "train_times": [14.61, 15.55, 14.38, 18.38, 16.71], "count_dead_neurons": [], "k": 3, "operation": "MIN", "control_points": [[0.5167590975761414, 0.43356209993362427], [0.4973334074020386, 0.41004443168640137], [0.9193550944328308, 0.6096861958503723], [0.5613484382629395, 0.6475276947021484]], "knots": [-3.958441734313965, -3.958441734313965, -3.958441734313965, 6.911394119262695, 17.78122901916504, 17.78122901916504, 17.78122901916504], "min_knot": -3.958441743850708, "max_knot": 17.781228790283205, "cp_mode": "random", "cp_count": 4, "repeated_start_knots": 3, "repeated_end_knots": 3, "num_knots": 7, "free_knots": 1, "n": 3}