{"dataset": "MNIST", "batch_size": 128, "learning_rate": 0.01, "num_epochs": 5, "seed": 1234, "activation": "B_SPLINE_MIN", "train_losses": [2.2954363919524496, 2.2968567922425422, 2.2976353829349283, 2.2979749753785286, 2.2981279267431067], "test_losses": [2.295874260648896, 2.297060507762281, 2.2975573026681246, 2.2977989927122864, 2.297900924199744], "test_accuracies": [11.35, 11.35, 11.35, 11.35, 11.35], "train_times": [14.01, 15.61, 13.95, 13.54, 15.98], "l2_norms": [0.16343046321204358, 0.10860555757699102, 0.10405310008712595, 0.10195271480425618, 0.10064139219103294], "count_dead_neurons": [], "k": 3, "operation": "MIN", "control_points": [[0.028979241847991943, 0.4018985629081726], [0.25984418392181396, 0.3666413426399231], [0.05830073356628418, 0.7006447315216064], [0.05179738998413086, 0.4681392312049866]], "knots": [-5.010000228881836, -5.010000228881836, -5.010000228881836, 0.0, 5.010000228881836, 5.010000228881836, 5.010000228881836], "min_knot": -5.01, "max_knot": 5.01, "cp_mode": "random", "cp_count": 4, "repeated_start_knots": 3, "repeated_end_knots": 3, "num_knots": 7, "free_knots": 1, "n": 3}