{"dataset": "MNIST", "batch_size": 128, "learning_rate": 0.01, "num_epochs": 10, "activation": "B_SPLINE_MIN", "seed": 1234, "train_losses": [1.7988214533466267, 1.142836020191087, 0.7286987052416243, 0.4929046108524428, 0.35943473805623777, 0.28174507967444623, 0.23039235460605703, 0.19378091876250086, 0.16906601049180733, 0.14984810392040687], "test_losses": [1.4085759920409964, 0.8796093071563335, 0.5602882557277438, 0.402031095344809, 0.3106921586809279, 0.2382031883808631, 0.19672029767232604, 0.17236896326081663, 0.15553169579634182, 0.1356105782044462], "test_accuracies": [83.62, 92.05, 95.45, 96.26, 96.76, 97.15, 97.42, 97.55, 97.81, 97.96], "train_times": [8.6, 8.57, 9.6, 11.46, 10.57, 9.37, 8.63, 9.49, 10.32, 8.26], "count_dead_neurons": []}