{"dataset": "MNIST", "batch_size": 128, "learning_rate": 0.01, "num_epochs": 10, "seed": 9859283, "activation": "B_SPLINE_MIN", "train_losses": [2.288041276972431, 2.2714819491290843, 2.267324267165747, 2.2677358660870777, 2.2696672711036863, 2.2722829074493602, 2.2748166233745972, 2.2773594546165548, 2.2796653892948173, 2.281978191343198], "test_losses": [2.2765974787217154, 2.2670955175085914, 2.2665047977544086, 2.2671667925919157, 2.2701606509051744, 2.2729949347580534, 2.2749657570561275, 2.2778821082054814, 2.280600544772571, 2.283055821551552], "test_accuracies": [22.12, 27.39, 35.31, 18.8, 13.15, 16.48, 11.61, 12.51, 21.15, 20.17], "train_times": [17.16, 17.62, 17.59, 17.76, 18.49, 17.75, 19.02, 21.71, 21.69, 19.33], "l2_norms": [0.4943550255062792, 0.47996768362462244, 0.46911429249925296, 0.4643212515354525, 0.45263691054081806, 0.44216381396182136, 0.4424076122545084, 0.43425974054447253, 0.43213991342786046, 0.43116593708588186], "conv_l2_norms": [0.06077555207400519, 0.06126794657406175, 0.05991586197900502, 0.055026224157911724, 0.050268113761965154, 0.04507471739702284, 0.04068190500214299, 0.03681882068723319, 0.0333146849050197, 0.030197507978988503], "fc_l2_norms": [0.49050542332187, 0.47582382979249077, 0.46503150188606673, 0.4608357398030776, 0.4496531451068015, 0.4396612635168179, 0.4403825615821794, 0.4325473483241005, 0.43072263789264614, 0.4300003536844889], "conv1_l2_norms": [0.014903930902553873, 0.02392096988758628, 0.02867349584604442, 0.029357225655140325, 0.02862632035245919, 0.026813514969919523, 0.024847326622680868, 0.02289672517418762, 0.021058462469415874, 0.019301650845477452], "conv2_l2_norms": [0.058802026936735835, 0.05635596984151788, 0.052584764107889405, 0.04652559262888695, 0.04131093005867746, 0.03622659527130446, 0.03220660925135373, 0.02882786880807515, 0.025811245135077876, 0.02322028239591445], "fc1_l2_norms": [0.16240143124744313, 0.12060090372006238, 0.09766721962638814, 0.08209985442927117, 0.06987492084268625, 0.05994936646510209, 0.053249949931017, 0.04743350364281943, 0.04209407972596468, 0.03788291556154824], "fc2_l2_norms": [0.46215924293944793, 0.46006619415096606, 0.4544861882503684, 0.4533408113766909, 0.4440922029064276, 0.4354345682889405, 0.437061536572123, 0.42985446643265857, 0.42858206673801585, 0.42825643652855183], "count_dead_neurons": [], "k": 3, "operation": "MIN", "control_points": [[0.5167590975761414, 0.43356209993362427], [0.4973334074020386, 0.41004443168640137], [0.9193550944328308, 0.6096861958503723], [0.5613484382629395, 0.6475276947021484]], "knots": [-5.010000228881836, -5.010000228881836, -5.010000228881836, 0.0, 5.010000228881836, 5.010000228881836, 5.010000228881836], "min_knot": -5.01, "max_knot": 5.01, "cp_mode": "random", "cp_count": 4, "repeated_start_knots": 3, "repeated_end_knots": 3, "num_knots": 7, "free_knots": 1, "n": 3}