{"dataset": "MNIST", "batch_size": 128, "learning_rate": 0.01, "num_epochs": 10, "seed": 9859283, "activation": "B_SPLINE_MIN", "train_losses": [2.2610860887621005, 2.23257639006511, 2.2257077663437896, 2.2198327279040044, 2.2144193944137998, 2.2090814184786667, 2.20407868550022, 2.1996246421260874, 2.1954002527794096, 2.1917269392562573], "test_losses": [2.2382108380522907, 2.2265843832040133, 2.22104124479656, 2.214436476743674, 2.2098122789889953, 2.2043108095096637, 2.198963943916031, 2.1951791908167584, 2.1911452450329745, 2.187936816034438], "test_accuracies": [47.23, 43.22, 44.91, 35.68, 32.88, 30.99, 29.33, 31.61, 40.74, 36.14], "train_times": [13.63, 14.44, 14.46, 14.5, 13.77, 13.42, 14.34, 13.34, 12.91, 14.9], "l2_norms": [0.5348100688616774, 0.4814820806595588, 0.4612483812328465, 0.45518872274613054, 0.44502575619540424, 0.4376893136487793, 0.43996356444156914, 0.4347385786896393, 0.43443322101715726, 0.4354781441551281], "conv_l2_norms": [0.11254187805548188, 0.10645956157125072, 0.09667416316611727, 0.08914519652387728, 0.08471623923912362, 0.0802723972456141, 0.0776819302298969, 0.07584939276080249, 0.0734600430590741, 0.0721093589923464], "fc_l2_norms": [0.5224100027210908, 0.4687898084883921, 0.45017959728878437, 0.44573287045147414, 0.4363344400032328, 0.429640696862913, 0.43253761382596373, 0.42751883247986155, 0.427640038168182, 0.42895311121786717], "conv1_l2_norms": [0.03421537280207582, 0.05126166865464575, 0.053894210324945485, 0.05324186641050158, 0.05267103373146535, 0.05110551568951901, 0.05021463716187612, 0.0494446775131371, 0.048308598546070614, 0.04773805049601557], "conv2_l2_norms": [0.10677972046190642, 0.09320820873942892, 0.08021773085739067, 0.0714636235764493, 0.06632354492369118, 0.06188020375600934, 0.05924623038001532, 0.05748834529426071, 0.05531295728177983, 0.054016950634678165], "fc1_l2_norms": [0.2761184941609558, 0.18417076770628268, 0.14955598465878378, 0.13299531451698546, 0.12144638309900373, 0.11324487865538291, 0.10926986112382908, 0.10659870860289464, 0.10266327380323566, 0.10081836221646631], "fc2_l2_norms": [0.44151374313445285, 0.430398049471777, 0.4241175000082236, 0.4250393255529688, 0.4187885694216798, 0.4140428426213364, 0.4181624374906599, 0.41363320433081197, 0.4147616306355196, 0.4165505177450511], "count_dead_neurons": [], "k": 2, "operation": "MIN", "control_points": [[0.5167590975761414, 0.43356209993362427], [0.4973334074020386, 0.41004443168640137], [0.9193550944328308, 0.6096861958503723], [0.5613484382629395, 0.6475276947021484]], "knots": [-5.010000228881836, -5.010000228881836, -1.6700000762939453, 1.6700000762939453, 5.010000228881836, 5.010000228881836], "min_knot": -5.01, "max_knot": 5.01, "cp_mode": "random", "cp_count": 4, "repeated_start_knots": 2, "repeated_end_knots": 2, "num_knots": 6, "free_knots": 2, "n": 3}