{"dataset": "MNIST", "batch_size": 128, "learning_rate": 0.01, "num_epochs": 5, "seed": 2934, "activation": "B_SPLINE_MIN", "train_losses": [1.9774835231715937, 1.7233976595945704, 1.5382718386680587, 1.3849993171468218, 1.2593391099209978], "test_losses": [1.8205035215691676, 1.6145670187624195, 1.442986011505127, 1.304852787452408, 1.1902074036718924], "test_accuracies": [76.93, 77.92, 81.04, 81.63, 82.99], "train_times": [9.99, 13.37, 11.17, 13.15, 11.81], "l2_norms": [1.1103678231841323, 0.8167125750822848, 0.7520358636784555, 0.6878938993661123, 0.6289692357102148], "count_dead_neurons": [], "k": 2, "operation": "MIN", "control_points": [[0.48105359077453613, 0.2059534192085266], [0.742104172706604, 0.056513845920562744], [0.2335154414176941, 0.6265234351158142], [0.4124048948287964, 0.7906419038772583]], "knots": [-5.010000228881836, -5.010000228881836, -1.6700000762939453, 1.6700000762939453, 5.010000228881836, 5.010000228881836], "min_knot": -5.01, "max_knot": 5.01, "cp_mode": "random", "cp_count": 4, "repeated_start_knots": 2, "repeated_end_knots": 2, "num_knots": 6, "free_knots": 2, "n": 3}