{"dataset": "MNIST", "batch_size": 128, "learning_rate": 0.01, "num_epochs": 5, "seed": 9859283, "activation": "B_SPLINE_MIN", "train_losses": [2.2610860887621005, 2.23257639006511, 2.2257077663437896, 2.2198327279040044, 2.2144193944137998], "test_losses": [2.2382108380522907, 2.2265843832040133, 2.22104124479656, 2.214436476743674, 2.2098122789889953], "test_accuracies": [47.23, 43.22, 44.91, 35.68, 32.88], "train_times": [10.5, 11.44, 10.2, 10.92, 12.01], "l2_norms": [0.5348100688616774, 0.4814820806595588, 0.4612483812328465, 0.45518872274613054, 0.44502575619540424], "count_dead_neurons": [], "k": 2, "operation": "MIN", "control_points": [[0.5167590975761414, 0.43356209993362427], [0.4973334074020386, 0.41004443168640137], [0.9193550944328308, 0.6096861958503723], [0.5613484382629395, 0.6475276947021484]], "knots": [-5.010000228881836, -5.010000228881836, -1.6700000762939453, 1.6700000762939453, 5.010000228881836, 5.010000228881836], "min_knot": -5.01, "max_knot": 5.01, "cp_mode": "random", "cp_count": 4, "repeated_start_knots": 2, "repeated_end_knots": 2, "num_knots": 6, "free_knots": 2, "n": 3}