{"dataset": "MNIST", "batch_size": 128, "learning_rate": 0.01, "num_epochs": 5, "seed": 9859283, "activation": "B_SPLINE_MIN", "train_losses": [2.288041276972431, 2.2714819491290843, 2.267324267165747, 2.2677358660870777, 2.2696672711036863], "test_losses": [2.2765974787217154, 2.2670955175085914, 2.2665047977544086, 2.2671667925919157, 2.2701606509051744], "test_accuracies": [22.12, 27.39, 35.31, 18.8, 13.15], "train_times": [16.6, 16.39, 16.43, 16.3, 16.6], "count_dead_neurons": [], "k": 3, "operation": "MIN", "control_points": [[0.5167590975761414, 0.43356209993362427], [0.4973334074020386, 0.41004443168640137], [0.9193550944328308, 0.6096861958503723], [0.5613484382629395, 0.6475276947021484]], "knots": [-5.010000228881836, -5.010000228881836, -5.010000228881836, 0.0, 5.010000228881836, 5.010000228881836, 5.010000228881836], "min_knot": -5.01, "max_knot": 5.01, "cp_mode": "random", "cp_count": 4, "repeated_start_knots": 3, "repeated_end_knots": 3, "num_knots": 7, "free_knots": 1, "n": 3}