{"dataset": "MNIST", "batch_size": 128, "learning_rate": 0.01, "num_epochs": 10, "seed": 2934, "activation": "B_SPLINE_MIN", "train_losses": [1.9774835231715937, 1.7233976595945704, 1.5382718386680587, 1.3849993171468218, 1.2593391099209978, 1.1562787632444012, 1.0698366463819802, 0.995268858572059, 0.9311866363736866, 0.8754908677611524], "test_losses": [1.8205035215691676, 1.6145670187624195, 1.442986011505127, 1.304852787452408, 1.1902074036718924, 1.0947567548932908, 1.0139821654633632, 0.9448882680905016, 0.8851948252207116, 0.8347730538513087], "test_accuracies": [76.93, 77.92, 81.04, 81.63, 82.99, 84.09, 84.87, 85.91, 86.56, 87.12], "train_times": [11.0, 12.36, 11.46, 10.56, 12.05, 10.45, 12.57, 12.4, 10.42, 12.41], "l2_norms": [1.1103678231841323, 0.8167125750822848, 0.7520358636784555, 0.6878938993661123, 0.6289692357102148, 0.5914600861402405, 0.5553091587173549, 0.5075370350979532, 0.46519448158280285, 0.4489750398118475], "conv_l2_norms": [0.3512910518331232, 0.31613548626015875, 0.29943826627304626, 0.2684649138676488, 0.23263406923822044, 0.2087144343785443, 0.18853767835520568, 0.1601865145706833, 0.13810105320016455, 0.1271571072093739], "fc_l2_norms": [1.051133324063563, 0.7497629522820397, 0.6864020109214531, 0.6297119977652154, 0.5813715029699177, 0.550965195298734, 0.5204976505322098, 0.4801656344593237, 0.44317032626248476, 0.4296390305733425], "conv1_l2_norms": [0.10783202162870693, 0.1497319277348147, 0.15490413323095908, 0.14363298043817466, 0.12541805730794775, 0.11269655245484723, 0.10176156562048236, 0.0876911162224861, 0.07657359927662688, 0.07000444919381783], "conv2_l2_norms": [0.33277252113947753, 0.277625338090418, 0.25535722999570865, 0.22590030553095894, 0.1948565336291814, 0.17467144919742303, 0.15770234780228562, 0.13312831734589023, 0.11415704479377645, 0.10545248274878653], "fc1_l2_norms": [0.9982993822651807, 0.678949017215372, 0.6183889609184953, 0.5655309957433807, 0.5206379888132591, 0.49286314470139725, 0.46639191703875665, 0.4265356319991114, 0.392851051107337, 0.38128135534220425], "fc2_l2_norms": [0.31241542209578405, 0.3082412861206992, 0.289075902105468, 0.2683654950191385, 0.2511662206000025, 0.2394641531812894, 0.2250375964346537, 0.2154206989600017, 0.20117750586774283, 0.19432216410398473], "count_dead_neurons": [], "k": 2, "operation": "MIN", "control_points": [[0.48105359077453613, 0.2059534192085266], [0.742104172706604, 0.056513845920562744], [0.2335154414176941, 0.6265234351158142], [0.4124048948287964, 0.7906419038772583]], "knots": [-5.010000228881836, -5.010000228881836, -1.6700000762939453, 1.6700000762939453, 5.010000228881836, 5.010000228881836], "min_knot": -5.01, "max_knot": 5.01, "cp_mode": "random", "cp_count": 4, "repeated_start_knots": 2, "repeated_end_knots": 2, "num_knots": 6, "free_knots": 2, "n": 3}