{"dataset": "MNIST", "batch_size": 128, "learning_rate": 0.01, "num_epochs": 10, "seed": 2934, "activation": "B_SPLINE_MIN", "train_losses": [2.1750917444859486, 2.0723998134832646, 1.9891936812065303, 1.9055677647275457, 1.8250787169186038, 1.7481604641688657, 1.6756304258476697, 1.6087720157749363, 1.546928041271055, 1.4895088637053078], "test_losses": [2.1106264772294443, 2.024738705610927, 1.9394524052173276, 1.8545135802860502, 1.774191500265387, 1.6977232166483431, 1.62658853168729, 1.5614231296732455, 1.5008985166308246, 1.4459121483790724], "test_accuracies": [55.65, 57.91, 62.13, 63.44, 64.57, 65.83, 67.71, 68.29, 69.33, 70.23], "train_times": [13.28, 16.47, 13.07, 15.81, 14.33, 16.02, 15.48, 15.72, 14.0, 15.59], "l2_norms": [0.5632457520460801, 0.45726044929793797, 0.4381824788351001, 0.42249688688911746, 0.41342930638892705, 0.4043131442019054, 0.39176101312001366, 0.3879823032912162, 0.3688533634744657, 0.3630257140448915], "conv_l2_norms": [0.1765667709680642, 0.15799250371205606, 0.1530444057813653, 0.14805836628379743, 0.14339030990774013, 0.1358935492718079, 0.13040042151422288, 0.12475016287753102, 0.11783789656495311, 0.11240469015495048], "fc_l2_norms": [0.5341076862359874, 0.4282978654711594, 0.4097209949021512, 0.3948460097249704, 0.3869055163787019, 0.38000013807648675, 0.36871550278016085, 0.3667417663540182, 0.34890735534769823, 0.34459056451348874], "conv1_l2_norms": [0.059248648936211984, 0.07864379393085638, 0.08613322602317838, 0.08840883140282306, 0.08817567763976777, 0.08534660999749318, 0.08281150326495355, 0.07968101420052276, 0.07629217518542059, 0.07326894117817626], "conv2_l2_norms": [0.16568690219476714, 0.1368929760498704, 0.12639271236160105, 0.1186550149886515, 0.11293466571626314, 0.10561797186698023, 0.10061048815778292, 0.09584378257162866, 0.08969441983473224, 0.08515473252240904], "fc1_l2_norms": [0.41139978757809575, 0.25934511150383827, 0.23243771769894567, 0.21855044861353917, 0.21399895437535668, 0.20583392617331434, 0.20094395482804062, 0.19846309196899733, 0.19052025487892185, 0.18664456774377158], "fc2_l2_norms": [0.3310127453832358, 0.3389242169674859, 0.3357600821903714, 0.3270676283534489, 0.32033499838949636, 0.3174269029822859, 0.3071019937845604, 0.3060782839140295, 0.29030939095912695, 0.2875281996736849], "count_dead_neurons": [], "k": 3, "operation": "MIN", "control_points": [[0.48105359077453613, 0.2059534192085266], [0.742104172706604, 0.056513845920562744], [0.2335154414176941, 0.6265234351158142], [0.4124048948287964, 0.7906419038772583]], "knots": [-5.010000228881836, -5.010000228881836, -5.010000228881836, 0.0, 5.010000228881836, 5.010000228881836, 5.010000228881836], "min_knot": -5.01, "max_knot": 5.01, "cp_mode": "random", "cp_count": 4, "repeated_start_knots": 3, "repeated_end_knots": 3, "num_knots": 7, "free_knots": 1, "n": 3}