{"dataset": "MNIST", "batch_size": 128, "learning_rate": 0.01, "num_epochs": 5, "seed": 2934, "activation": "B_SPLINE_MIN", "train_losses": [2.012561931538938, 1.7926923298378235, 1.620237497378514, 1.475553103855678, 1.3526661863713376], "test_losses": [1.876611750337142, 1.689002959034111, 1.5298810986023914, 1.3959177868275703, 1.2830484547192538], "test_accuracies": [73.47, 73.93, 77.64, 78.86, 79.96], "train_times": [11.96, 10.3, 11.46, 11.6, 10.85], "count_dead_neurons": [], "k": 2, "operation": "MIN", "control_points": [[0.48105359077453613, 0.2059534192085266], [0.742104172706604, 0.056513845920562744], [0.2335154414176941, 0.6265234351158142], [0.4124048948287964, 0.7906419038772583]], "knots": [-26.537527084350586, -26.537527084350586, 6.86793327331543, 40.27338790893555, 73.67884826660156, 73.67884826660156], "min_knot": -26.53752685546875, "max_knot": 73.6788461303711, "cp_mode": "random", "cp_count": 4, "repeated_start_knots": 2, "repeated_end_knots": 2, "num_knots": 6, "free_knots": 2, "n": 3}