{"dataset": "MNIST", "batch_size": 128, "learning_rate": 0.01, "num_epochs": 5, "seed": 2934, "activation": "B_SPLINE_MIN", "train_losses": [2.1798052914869555, 2.079369258270589, 1.9979682482127696, 1.9151629534865748, 1.8357906882951], "test_losses": [2.1170085532755794, 2.032809278633021, 1.9490068336076374, 1.8658252305622343, 1.7856648481344874], "test_accuracies": [53.76, 55.06, 62.0, 61.31, 61.29], "train_times": [14.27, 14.14, 14.47, 15.04, 14.22], "count_dead_neurons": [], "k": 3, "operation": "MIN", "control_points": [[0.48105359077453613, 0.2059534192085266], [0.742104172706604, 0.056513845920562744], [0.2335154414176941, 0.6265234351158142], [0.4124048948287964, 0.7906419038772583]], "knots": [-47.328697204589844, -47.328697204589844, -47.328697204589844, -7.256328582763672, 32.816036224365234, 32.816036224365234, 32.816036224365234], "min_knot": -47.32869888305664, "max_knot": 32.81603790283203, "cp_mode": "random", "cp_count": 4, "repeated_start_knots": 3, "repeated_end_knots": 3, "num_knots": 7, "free_knots": 1, "n": 3}