{"dataset": "MNIST", "batch_size": 128, "learning_rate": 0.01, "num_epochs": 5, "seed": 1234, "activation": "B_SPLINE_MIN", "train_losses": [2.2949502193597335, 2.296669504027377, 2.2974943474157534, 2.297875760206536, 2.2980297908091596], "test_losses": [2.295670805098135, 2.2969376135476027, 2.297456270531763, 2.2977058525326886, 2.297807805145843], "test_accuracies": [12.86, 11.35, 11.35, 11.35, 11.35], "train_times": [14.48, 15.63, 15.61, 16.1, 14.55], "count_dead_neurons": [], "k": 3, "operation": "MIN", "control_points": [[0.028979241847991943, 0.4018985629081726], [0.25984418392181396, 0.3666413426399231], [0.05830073356628418, 0.7006447315216064], [0.05179738998413086, 0.4681392312049866]], "knots": [-17.698442459106445, -17.698442459106445, -17.698442459106445, -8.42580509185791, 0.8468310832977295, 0.8468310832977295, 0.8468310832977295], "min_knot": -17.69844223022461, "max_knot": 0.8468310928344727, "cp_mode": "random", "cp_count": 4, "repeated_start_knots": 3, "repeated_end_knots": 3, "num_knots": 7, "free_knots": 1, "n": 3}