{"dataset": "MNIST", "batch_size": 128, "learning_rate": 0.01, "num_epochs": 10, "activation": "B_SPLINE_MIN", "seed": 9859283, "train_losses": [1.8312867737528105, 1.1817765964119673, 0.7668570029710148, 0.5200583348269148, 0.3777226384387596, 0.2931521526976689, 0.23819302425964045, 0.20053962373466633, 0.17576631001317933, 0.1543500733528056], "test_losses": [1.4314682574211797, 0.9194616954537886, 0.6026295630992213, 0.4208700045754638, 0.3166672176198114, 0.250484802960595, 0.20668269707998144, 0.17916412477063226, 0.15842851572021655, 0.14200146338324757], "test_accuracies": [84.1, 91.41, 94.85, 95.69, 96.34, 96.83, 97.23, 97.46, 97.66, 97.84], "train_times": [9.35, 9.84, 9.86, 8.4, 10.43, 10.12, 8.27, 10.09, 10.11, 8.94], "count_dead_neurons": []}