{"dataset": "MNIST", "batch_size": 128, "learning_rate": 0.01, "num_epochs": 10, "activation": "B_SPLINE_MIN", "seed": 2934, "train_losses": [1.8327897194860332, 1.195031521671108, 0.7707904484480429, 0.5161152019429562, 0.37273877001266237, 0.286917227671853, 0.23282445643120991, 0.1964939709411247, 0.1702540430274091, 0.15177847831043353], "test_losses": [1.441766853573956, 0.9221157854116415, 0.6073064396652994, 0.41588250085522854, 0.3171993978793108, 0.24800517362884328, 0.2050385075279429, 0.17047163330112833, 0.15425527529625954, 0.13783005573138407], "test_accuracies": [85.86, 92.2, 95.18, 96.11, 96.5, 97.03, 97.3, 97.64, 97.73, 97.8], "train_times": [7.92, 10.31, 11.0, 9.31, 11.24, 10.69, 10.52, 9.42, 9.43, 6.69], "count_dead_neurons": []}