{"dataset": "MNIST", "batch_size": 128, "learning_rate": 0.01, "num_epochs": 5, "seed": 9859283, "activation": "TANH", "train_losses": [1.2673434253567573, 0.3066710073874195, 0.20271434698468332, 0.1579774783681959, 0.1315491571545855], "test_losses": [0.4130709054349344, 0.22254845259498945, 0.16247304942741803, 0.1315386538641362, 0.1103794402619706], "test_accuracies": [91.05, 94.37, 95.49, 96.28, 96.87], "train_times": [6.7, 6.52, 6.54, 8.37, 6.82], "l2_norms": [1.1556528455725348, 1.2680063243152189, 1.2027074013619987, 1.1407830339468743, 1.0823736625648774], "count_dead_neurons": [], "k": 3, "operation": "MIN", "control_points": [[0.028979241847991943, 0.4018985629081726], [0.25984418392181396, 0.3666413426399231], [0.05830073356628418, 0.7006447315216064], [0.05179738998413086, 0.4681392312049866]], "knots": [-5.010000228881836, -5.010000228881836, -5.010000228881836, 0.0, 5.010000228881836, 5.010000228881836, 5.010000228881836], "min_knot": -5.01, "max_knot": 5.01, "cp_mode": "random", "cp_count": 4, "repeated_start_knots": 3, "repeated_end_knots": 3, "num_knots": 7, "free_knots": 1, "n": 3}