{"dataset": "MNIST", "batch_size": 128, "learning_rate": 0.01, "num_epochs": 10, "seed": 1234, "activation": "TANH", "train_losses": [1.2375112682390315, 0.3176317989254303, 0.20837278635517112, 0.16108293500123247, 0.13298152596044388, 0.11440997585050587, 0.10092619824797106, 0.09089892105395987, 0.08304777818082619, 0.07703331996128758], "test_losses": [0.42005009213580363, 0.2278748235747784, 0.16700870534287224, 0.13504920251478877, 0.11496374995412328, 0.09574987405698888, 0.08689525623841188, 0.07931203636800564, 0.07094522083437518, 0.06821606738221701], "test_accuracies": [90.5, 94.0, 95.4, 96.12, 96.87, 97.26, 97.47, 97.78, 97.96, 98.04], "train_times": [5.92, 7.96, 7.95, 7.86, 5.9, 7.76, 8.15, 7.78, 6.05, 7.87], "l2_norms": [1.3340130686380156, 1.4357518227954125, 1.3380041533337725, 1.2716390859803812, 1.2368232419329697, 1.1737681596757632, 1.132059816142109, 1.0850898328759881, 1.0542839595967057, 1.0521623273134615], "conv_l2_norms": [0.4402198344246176, 0.33815772300446023, 0.32549087506210483, 0.3178278015359152, 0.3291848468551975, 0.3085793992296714, 0.305660056415827, 0.3006974240289553, 0.2872882708330005, 0.29471643436241135], "fc_l2_norms": [1.252724804932933, 1.3931672089130964, 1.2953631763765432, 1.2283849502759179, 1.1886860416985325, 1.1298091512352992, 1.0869082883469716, 1.0393430676726556, 1.0116530428919701, 1.0069505119281077], "conv1_l2_norms": [0.18744087881656707, 0.11712789748138977, 0.10658223707655343, 0.10175078137344776, 0.10488439090898606, 0.09891653630661877, 0.09768538021508508, 0.09692730149080471, 0.09157655334083063, 0.0942711742699164], "conv2_l2_norms": [0.39689080458491827, 0.31682751589526714, 0.3072352506874569, 0.30086175794042697, 0.31180679299642083, 0.29205883915812714, 0.2893986135583316, 0.2844018170293459, 0.2720594241819233, 0.27900270712344494], "fc1_l2_norms": [1.2058250988365817, 1.369400328043942, 1.2787524563875252, 1.2141977056077253, 1.176006197166284, 1.1183043723843802, 1.0761361589045249, 1.0293923468040755, 1.0022056459403448, 0.9978402654587847], "fc2_l2_norms": [0.3334205378837244, 0.25364406135697604, 0.20549787215498277, 0.18500296290098148, 0.17213630274307362, 0.15976014999331237, 0.15184515167307785, 0.14252196534496578, 0.13707544323767748, 0.13425068958343292], "count_dead_neurons": [], "k": 3, "operation": "MIN", "control_points": [[0.48105359077453613, 0.2059534192085266], [0.742104172706604, 0.056513845920562744], [0.2335154414176941, 0.6265234351158142], [0.4124048948287964, 0.7906419038772583]], "knots": [-5.010000228881836, -5.010000228881836, -5.010000228881836, 0.0, 5.010000228881836, 5.010000228881836, 5.010000228881836], "min_knot": -5.01, "max_knot": 5.01, "cp_mode": "random", "cp_count": 4, "repeated_start_knots": 3, "repeated_end_knots": 3, "num_knots": 7, "free_knots": 1, "n": 3}