{"dataset": "MNIST", "batch_size": 128, "learning_rate": 0.01, "num_epochs": 10, "activation": "TANH", "seed": 1234, "train_losses": [1.1917270634855543, 0.3089358762764473, 0.20609844047059891, 0.15881327499172834, 0.13060397231407256, 0.11164935014998989, 0.09848642919156979, 0.08843582027009937, 0.08067003662970021, 0.07463290749677717], "test_losses": [0.3993796142218988, 0.22754738361963742, 0.16437907013570582, 0.13156128894018976, 0.1114013307091273, 0.09561142662563656, 0.08613225712169763, 0.0789110403614048, 0.07068463342995206, 0.06714666340665161], "test_accuracies": [90.75, 93.81, 95.53, 96.4, 96.85, 97.36, 97.61, 97.78, 98.0, 97.98], "train_times": [5.71, 5.72, 5.77, 4.68, 5.74, 5.58, 5.63, 5.74, 5.58, 4.67], "count_dead_neurons": []}