{"dataset": "MNIST", "batch_size": 128, "learning_rate": 0.01, "num_epochs": 10, "seed": 2934, "activation": "TANH", "train_losses": [1.2202265573335862, 0.3514361470492918, 0.2396070318403783, 0.18427767018392396, 0.15051071474483527, 0.12724020681592194, 0.11041938815353268, 0.09830038740770268, 0.08854370054675699, 0.08078909973536473], "test_losses": [0.4532370671064039, 0.26418498648872857, 0.19651551912479762, 0.1538102205111822, 0.1282748385285369, 0.1130774359902532, 0.09704293159154963, 0.0874976982462774, 0.07918621232450197, 0.07352854104276417], "test_accuracies": [89.27, 93.09, 94.81, 95.82, 96.4, 96.68, 97.28, 97.51, 97.84, 97.82], "train_times": [6.09, 6.46, 6.5, 6.27, 6.13, 5.47, 6.28, 6.34, 6.12, 6.29], "l2_norms": [1.324482676661318, 1.4301846763877373, 1.3880830361668157, 1.2883095773573976, 1.254647170285381, 1.2024649064973851, 1.1573772331676853, 1.1297947471505232, 1.1040264584984827, 1.078668621276287], "conv_l2_norms": [0.4310267251933292, 0.29353398858217117, 0.29576756353182454, 0.287824727534039, 0.2965452695715598, 0.2958026193229358, 0.29578806217782244, 0.2973725095993494, 0.2938352543650272, 0.29079481164274984], "fc_l2_norms": [1.2454826729049437, 1.398640823737122, 1.3547428789576534, 1.2541222649793489, 1.216979280481044, 1.1635129127759911, 1.1167333786652835, 1.0873640628251178, 1.06171555427295, 1.0364828115750189], "conv1_l2_norms": [0.16894567631582774, 0.09251787369754653, 0.08231427682561765, 0.07735235349803743, 0.07724843880323608, 0.07647958472551765, 0.07700675123898586, 0.07720817826046703, 0.07611702951562542, 0.07469106278942227], "conv2_l2_norms": [0.3948332434012748, 0.27821128916577953, 0.2839000326415815, 0.2770853723811231, 0.28614901897750294, 0.28557240780412274, 0.28543368510069883, 0.2870095703585946, 0.2836394015027269, 0.2808962032950374], "fc1_l2_norms": [1.1959037325770645, 1.3710443272670174, 1.3346449438505625, 1.2373371750748552, 1.2024799100069075, 1.1505935929345035, 1.105084843203831, 1.07661028116702, 1.0517478530074644, 1.0271828572868031], "fc2_l2_norms": [0.34204375895449296, 0.27365099423108086, 0.23107292788112008, 0.20340067058577235, 0.18636277363630033, 0.17202603701934516, 0.16001729158066058, 0.15178081438833194, 0.14435584242821753, 0.13770728123590403], "count_dead_neurons": []}