{"dataset": "MNIST", "batch_size": 128, "learning_rate": 0.01, "num_epochs": 5, "seed": 2934, "activation": "TANH", "train_losses": [1.1463144364387496, 0.33069284091880324, 0.22697148236956424, 0.17556576675443508, 0.14334073835916356], "test_losses": [0.41912459195414675, 0.25075452581425256, 0.18444762933009032, 0.1452188266889204, 0.11947614014667424], "test_accuracies": [90.36, 93.23, 94.73, 95.91, 96.52], "train_times": [5.22, 6.05, 6.15, 6.32, 6.09], "count_dead_neurons": []}