{"dataset": "MNIST", "batch_size": 128, "learning_rate": 0.01, "num_epochs": 10, "activation": "TANH", "seed": 2934, "train_losses": [1.1945900215523075, 0.3485996671704087, 0.23728258887143022, 0.1822850730881762, 0.14752752500683514, 0.12404269375590118, 0.10772820894143728, 0.09585580520871986, 0.08662105572900411, 0.07944922634104548], "test_losses": [0.4455338033694255, 0.26280991761367534, 0.1939098101250733, 0.15506030879678984, 0.1258765167992892, 0.11033053642516083, 0.09417619559725252, 0.08493643795741321, 0.07843450427974892, 0.0711271500751329], "test_accuracies": [89.11, 93.02, 94.75, 95.68, 96.51, 96.88, 97.24, 97.55, 97.72, 98.02], "train_times": [5.56, 5.52, 5.16, 6.74, 6.63, 6.23, 5.56, 5.73, 4.73, 5.75], "count_dead_neurons": []}