{"dataset": "MNIST", "batch_size": 128, "learning_rate": 0.01, "num_epochs": 10, "activation": "TANH", "seed": 9859283, "train_losses": [1.2690860529952466, 0.3416222512467838, 0.22606292629102145, 0.17299906353452313, 0.14171101993271537, 0.12035085125041924, 0.1053236034442621, 0.09426391618385879, 0.08554131946345764, 0.07882574617640296], "test_losses": [0.44532981175410596, 0.24686347721498222, 0.18836242316550092, 0.14117695934646116, 0.11931860283653759, 0.10144822076670354, 0.09224310878640678, 0.084728369011862, 0.07776294585282006, 0.07347254435932618], "test_accuracies": [89.52, 93.35, 94.67, 95.99, 96.78, 97.15, 97.48, 97.62, 97.72, 97.76], "train_times": [5.81, 5.7, 5.69, 5.59, 5.71, 4.7, 5.76, 5.59, 5.65, 5.7], "count_dead_neurons": []}