{"dataset": "MNIST", "batch_size": 128, "learning_rate": 0.01, "num_epochs": 5, "seed": 1234, "activation": "TANH", "train_losses": [1.2375112682390315, 0.3176317989254303, 0.20837278635517112, 0.16108293500123247, 0.13298152596044388], "test_losses": [0.42005009213580363, 0.2278748235747784, 0.16700870534287224, 0.13504920251478877, 0.11496374995412328], "test_accuracies": [90.5, 94.0, 95.4, 96.12, 96.87], "train_times": [6.3, 8.34, 6.39, 6.33, 6.47], "l2_norms": [1.3340130686380156, 1.4357518227954125, 1.3380041533337725, 1.2716390859803812, 1.2368232419329697], "count_dead_neurons": [], "k": 3, "operation": "MIN", "control_points": [[0.48105359077453613, 0.2059534192085266], [0.742104172706604, 0.056513845920562744], [0.2335154414176941, 0.6265234351158142], [0.4124048948287964, 0.7906419038772583]], "knots": [-5.010000228881836, -5.010000228881836, -5.010000228881836, 0.0, 5.010000228881836, 5.010000228881836, 5.010000228881836], "min_knot": -5.01, "max_knot": 5.01, "cp_mode": "random", "cp_count": 4, "repeated_start_knots": 3, "repeated_end_knots": 3, "num_knots": 7, "free_knots": 1, "n": 3}