{"dataset": "MNIST", "batch_size": 128, "learning_rate": 0.01, "num_epochs": 5, "seed": 1234, "activation": "TANH", "train_losses": [1.2902153504809846, 0.33268894827060863, 0.21683714019337189, 0.16496738468977942, 0.13408550349221046], "test_losses": [0.44464867439451095, 0.24004152077662794, 0.17271499062263512, 0.13582555831799023, 0.1132350849706821], "test_accuracies": [89.7, 93.42, 95.08, 95.97, 96.76], "train_times": [5.61, 5.98, 5.93, 5.24, 5.97], "count_dead_neurons": [], "k": 3, "operation": "MIN", "control_points": [[0.48105359077453613, 0.2059534192085266], [0.742104172706604, 0.056513845920562744], [0.2335154414176941, 0.6265234351158142], [0.4124048948287964, 0.7906419038772583]], "knots": [-47.328697204589844, -47.328697204589844, -47.328697204589844, -7.256328582763672, 32.816036224365234, 32.816036224365234, 32.816036224365234], "min_knot": -47.32869888305664, "max_knot": 32.81603790283203, "cp_mode": "random", "cp_count": 4, "repeated_start_knots": 3, "repeated_end_knots": 3, "num_knots": 7, "free_knots": 1, "n": 3}