{"dataset": "MNIST", "batch_size": 128, "learning_rate": 0.01, "num_epochs": 5, "seed": 2934, "activation": "TANH", "train_losses": [1.2202265573335862, 0.3514361470492918, 0.2396070318403783, 0.18427767018392396, 0.15051071474483527], "test_losses": [0.4532370671064039, 0.26418498648872857, 0.19651551912479762, 0.1538102205111822, 0.1282748385285369], "test_accuracies": [89.27, 93.09, 94.81, 95.82, 96.4], "train_times": [6.75, 6.74, 8.65, 6.58, 6.47], "l2_norms": [1.324482676661318, 1.4301846763877373, 1.3880830361668157, 1.2883095773573976, 1.254647170285381], "count_dead_neurons": []}