{"dataset": "MNIST", "batch_size": 128, "learning_rate": 0.01, "num_epochs": 10, "seed": 9859283, "activation": "TANH", "train_losses": [1.2673434253567573, 0.3066710073874195, 0.20271434698468332, 0.1579774783681959, 0.1315491571545855, 0.1138196638874662, 0.10129540600676908, 0.09158766104071252, 0.08407273755144717, 0.07763182767815809], "test_losses": [0.4130709054349344, 0.22254845259498945, 0.16247304942741803, 0.1315386538641362, 0.1103794402619706, 0.0991561329169081, 0.08681320521650435, 0.08209930975108018, 0.07426533081769189, 0.0723893445403657], "test_accuracies": [91.05, 94.37, 95.49, 96.28, 96.87, 97.2, 97.49, 97.58, 97.9, 97.95], "train_times": [8.68, 8.78, 7.14, 9.14, 8.96, 9.03, 7.37, 9.04, 8.5, 7.81], "l2_norms": [1.1556528455725348, 1.2680063243152189, 1.2027074013619987, 1.1407830339468743, 1.0823736625648774, 1.0576041636482538, 1.0303084184256712, 1.0026188847415154, 0.9947913970479472, 0.9904502493566787], "conv_l2_norms": [0.4162429048960713, 0.29112159488006645, 0.2934675260004475, 0.2827368426818678, 0.27470581418275347, 0.2730617702896379, 0.2664724044898885, 0.262101439317872, 0.2581776000644358, 0.2582030785287624], "fc_l2_norms": [1.0711310734886195, 1.2327689313417123, 1.1643302932121125, 1.1030963689175348, 1.0448503279281118, 1.0197114392378197, 0.9931354493043367, 0.9656027682685073, 0.9585842275145566, 0.9541253001751332], "conv1_l2_norms": [0.18964732681873128, 0.10863578984666668, 0.10321200524537731, 0.09892117635622606, 0.09480804631959318, 0.09365981676755863, 0.08960243777158944, 0.0889486773296855, 0.08697801946919334, 0.08580087229626027], "conv2_l2_norms": [0.3685722959804141, 0.26971508507262987, 0.27443175766977573, 0.2645768990925368, 0.25756997366570095, 0.2562357973978759, 0.2507053502734921, 0.2462814913935941, 0.24272833616612516, 0.24324448611933977], "fc1_l2_norms": [1.018867973603936, 1.2064078291242484, 1.1456275186810243, 1.0872124182604752, 1.0307098262376548, 1.006763029409539, 0.981226047572087, 0.9547146901374624, 0.9482199393962951, 0.9443623766916558], "fc2_l2_norms": [0.3251876945645461, 0.2509497937238328, 0.2064999052091882, 0.18550640273541713, 0.1703573850676767, 0.16107807812896108, 0.15247306991805196, 0.1437980215752322, 0.13970057133653058, 0.1354192619055713], "count_dead_neurons": [], "k": 3, "operation": "MIN", "control_points": [[0.028979241847991943, 0.4018985629081726], [0.25984418392181396, 0.3666413426399231], [0.05830073356628418, 0.7006447315216064], [0.05179738998413086, 0.4681392312049866]], "knots": [-5.010000228881836, -5.010000228881836, -5.010000228881836, 0.0, 5.010000228881836, 5.010000228881836, 5.010000228881836], "min_knot": -5.01, "max_knot": 5.01, "cp_mode": "random", "cp_count": 4, "repeated_start_knots": 3, "repeated_end_knots": 3, "num_knots": 7, "free_knots": 1, "n": 3}