{"dataset": "MNIST", "batch_size": 128, "learning_rate": 0.01, "num_epochs": 5, "seed": 9859283, "activation": "TANH", "train_losses": [1.225653302885576, 0.3385491499514468, 0.2268329519452825, 0.1730294146104408, 0.14000792438382786], "test_losses": [0.4445880423241024, 0.2517867158579675, 0.18501134553947782, 0.14633734734092332, 0.11863968339807625], "test_accuracies": [89.0, 93.11, 94.69, 95.86, 96.54], "train_times": [5.98, 5.09, 5.93, 5.86, 5.98], "count_dead_neurons": [], "k": 3, "operation": "MIN", "control_points": [[0.028979241847991943, 0.4018985629081726], [0.25984418392181396, 0.3666413426399231], [0.05830073356628418, 0.7006447315216064], [0.05179738998413086, 0.4681392312049866]], "knots": [-17.698442459106445, -17.698442459106445, -17.698442459106445, -8.42580509185791, 0.8468310832977295, 0.8468310832977295, 0.8468310832977295], "min_knot": -17.69844223022461, "max_knot": 0.8468310928344727, "cp_mode": "random", "cp_count": 4, "repeated_start_knots": 3, "repeated_end_knots": 3, "num_knots": 7, "free_knots": 1, "n": 3}