{"dataset": "MNIST", "batch_size": 128, "learning_rate": 0.01, "num_epochs": 5, "seed": 2934, "activation": "B_SPLINE_MAX", "train_losses": [2.2268139899158275, 2.2221928344352415, 2.220529838919894, 2.2148912603667044, 2.2072641656342853], "test_losses": [2.2185705221152006, 2.219817623307433, 2.216295266453224, 2.2091459533836266, 2.2005749774884573], "test_accuracies": [40.74, 26.99, 37.55, 33.88, 36.52], "train_times": [14.56, 16.6, 14.66, 16.35, 14.53], "l2_norms": [0.6839952706561834, 0.5796595833622028, 0.5616237884375201, 0.5492427674434894, 0.5440845235236562], "count_dead_neurons": [], "k": 3, "operation": "MAX", "control_points": [[0.48105359077453613, 0.2059534192085266], [0.742104172706604, 0.056513845920562744], [0.2335154414176941, 0.6265234351158142], [0.4124048948287964, 0.7906419038772583]], "knots": [-5.010000228881836, -5.010000228881836, -5.010000228881836, 0.0, 5.010000228881836, 5.010000228881836, 5.010000228881836], "min_knot": -5.01, "max_knot": 5.01, "cp_mode": "random", "cp_count": 4, "repeated_start_knots": 3, "repeated_end_knots": 3, "num_knots": 7, "free_knots": 1, "n": 3}