{"dataset": "MNIST", "batch_size": 128, "learning_rate": 0.01, "num_epochs": 10, "activation": "B_SPLINE_MAX", "seed": 9859283, "train_losses": [1.8255801551631774, 1.1872971967847616, 0.7715677082665694, 0.5243389695437987, 0.38093763399225816, 0.29482870826970287, 0.2409898727687437, 0.20255469368782633, 0.1753086992767828, 0.1554635934102764], "test_losses": [1.4181946817832658, 0.9334791121603567, 0.6200373765034012, 0.422630057116098, 0.3270202518641194, 0.25386861551411544, 0.2139805446885809, 0.1895606271639655, 0.16345300652746914, 0.1446059508414208], "test_accuracies": [84.46, 91.4, 94.75, 95.62, 96.32, 96.99, 97.17, 97.28, 97.62, 97.75], "train_times": [7.86, 10.37, 10.14, 8.61, 9.44, 9.41, 9.22, 10.16, 10.78, 8.92], "count_dead_neurons": []}