{"dataset": "MNIST", "batch_size": 128, "learning_rate": 0.01, "num_epochs": 10, "seed": 2934, "activation": "B_SPLINE_MAX", "train_losses": [2.0555070361603045, 1.9018693420170212, 1.7775199687811358, 1.665774987958896, 1.5641021461629157, 1.4747265373974212, 1.3940644254054089, 1.3221692929644067, 1.2577488986668048, 1.2001679345234624], "test_losses": [1.9584962386119216, 1.8284247313873678, 1.7071178683751747, 1.5997454003442693, 1.5043875974944876, 1.416596904585633, 1.3417574982099896, 1.2722760544547551, 1.2114557178714607, 1.155923509899574], "test_accuracies": [71.7, 67.48, 72.55, 73.05, 74.48, 76.38, 76.54, 76.76, 77.97, 78.94], "train_times": [9.82, 12.27, 9.64, 12.62, 11.41, 10.11, 11.86, 12.35, 10.94, 13.17], "l2_norms": [1.025967668626419, 0.8281890032053999, 0.7877775747035962, 0.7619899700081004, 0.7512520945736962, 0.7444671740196169, 0.7201441043759589, 0.6992714801635277, 0.6685589650003566, 0.6614351892495711], "conv_l2_norms": [0.32986070773102094, 0.3108149276720032, 0.2941430700418317, 0.2854614503030852, 0.2837083665678583, 0.28065885856621253, 0.2670945087233463, 0.24597300205661687, 0.23238730353973586, 0.22442392118520488], "fc_l2_norms": [0.9671591423011655, 0.760450284643254, 0.7232164546224255, 0.6977974360754126, 0.6860594599400317, 0.6810513031310024, 0.6595777107619768, 0.6466672646669063, 0.6191149688857102, 0.6144032754956039], "conv1_l2_norms": [0.12339739352786783, 0.17265921512625726, 0.1753191367019899, 0.17345254514649325, 0.1735313220053766, 0.17262669716369447, 0.16492211017734457, 0.15159857913105435, 0.1433184126964973, 0.13785152530075423], "conv2_l2_norms": [0.30358053003106833, 0.25780447122557976, 0.23541928163048498, 0.22581262652319511, 0.223480376073372, 0.22031710695237103, 0.20919576158995418, 0.1928329590474202, 0.1820566810528436, 0.17627888486232055], "fc1_l2_norms": [0.7779211866821298, 0.5222091439322227, 0.477456836675411, 0.45821330040379143, 0.45607525851634706, 0.453161050556569, 0.4408674884928837, 0.4275862639950719, 0.41455039285099843, 0.4124563964483629], "fc2_l2_norms": [0.5575789118898733, 0.5457606935669926, 0.5372172463084018, 0.5192439735569552, 0.50478741549196, 0.500774597367229, 0.4826000222446298, 0.4781696836294013, 0.4528480114495455, 0.4480450420816558], "count_dead_neurons": [], "k": 2, "operation": "MAX", "control_points": [[0.48105359077453613, 0.2059534192085266], [0.742104172706604, 0.056513845920562744], [0.2335154414176941, 0.6265234351158142], [0.4124048948287964, 0.7906419038772583]], "knots": [-5.010000228881836, -5.010000228881836, -1.6700000762939453, 1.6700000762939453, 5.010000228881836, 5.010000228881836], "min_knot": -5.01, "max_knot": 5.01, "cp_mode": "random", "cp_count": 4, "repeated_start_knots": 2, "repeated_end_knots": 2, "num_knots": 6, "free_knots": 2, "n": 3}