{"dataset": "MNIST", "batch_size": 128, "learning_rate": 0.01, "num_epochs": 5, "seed": 2934, "activation": "B_SPLINE_MAX", "train_losses": [2.0634137920733453, 1.9115133110139924, 1.7895751258711825, 1.6786046200977969, 1.5784692782074659], "test_losses": [1.9677035159702543, 1.840768216531488, 1.7213015284719346, 1.6152911819989169, 1.519029615800592], "test_accuracies": [69.12, 66.37, 71.41, 72.62, 70.19], "train_times": [10.78, 11.59, 11.87, 10.1, 10.84], "count_dead_neurons": [], "k": 2, "operation": "MAX", "control_points": [[0.48105359077453613, 0.2059534192085266], [0.742104172706604, 0.056513845920562744], [0.2335154414176941, 0.6265234351158142], [0.4124048948287964, 0.7906419038772583]], "knots": [-143.82875061035156, -143.82875061035156, -90.58042907714844, -37.33209228515625, 15.916234970092773, 15.916234970092773], "min_knot": -143.82875610351562, "max_knot": 15.916234741210937, "cp_mode": "random", "cp_count": 4, "repeated_start_knots": 2, "repeated_end_knots": 2, "num_knots": 6, "free_knots": 2, "n": 3}