{"dataset": "MNIST", "batch_size": 128, "learning_rate": 0.01, "num_epochs": 10, "activation": "B_SPLINE_MAX", "seed": 1234, "train_losses": [1.804432430755355, 1.1431807058452288, 0.7325062378128963, 0.49951235889625956, 0.35921168162116107, 0.27950843898599337, 0.2285102461256198, 0.19418007403866314, 0.16797330219354203, 0.14950489090767496], "test_losses": [1.474862848656087, 0.9053547518162788, 0.5793102217625968, 0.3989724024564405, 0.30295144964622545, 0.23536095589022094, 0.19841011811660814, 0.17095583351918414, 0.1501637269518798, 0.13512151711915113], "test_accuracies": [87.01, 92.78, 95.01, 96.35, 96.75, 97.14, 97.46, 97.65, 97.79, 97.95], "train_times": [9.05, 9.27, 9.51, 7.64, 9.83, 10.0, 10.73, 9.39, 10.72, 10.55], "count_dead_neurons": []}