{"dataset": "MNIST", "batch_size": 128, "learning_rate": 0.01, "num_epochs": 5, "seed": 1234, "activation": "B_SPLINE_MAX", "train_losses": [2.176952788062187, 2.110782857134398, 2.0632928625098677, 2.0152031086655313, 1.967909055986384], "test_losses": [2.1297208236742624, 2.079888675786272, 2.035253683223, 1.9815982368927967, 1.9338830407661727], "test_accuracies": [61.8, 47.89, 45.27, 51.96, 51.66], "train_times": [11.33, 10.77, 11.61, 11.4, 10.47], "count_dead_neurons": [], "k": 2, "operation": "MAX", "control_points": [[0.028979241847991943, 0.4018985629081726], [0.25984418392181396, 0.3666413426399231], [0.05830073356628418, 0.7006447315216064], [0.05179738998413086, 0.4681392312049866]], "knots": [-9.05972957611084, -9.05972957611084, 38.94609451293945, 86.95191955566406, 134.95774841308594, 134.95774841308594], "min_knot": -9.059729347229004, "max_knot": 134.95775390625, "cp_mode": "random", "cp_count": 4, "repeated_start_knots": 2, "repeated_end_knots": 2, "num_knots": 6, "free_knots": 2, "n": 3}