{"dataset": "MNIST", "batch_size": 128, "learning_rate": 0.01, "num_epochs": 10, "seed": 9859283, "activation": "B_SPLINE_MAX", "train_losses": [2.208392504181689, 2.1023145576021562, 2.028726895989131, 1.9627986254214225, 1.9033420995862753, 1.848147109881647, 1.7949045573724614, 1.7471775645132004, 1.70387912304925, 1.659940561760209], "test_losses": [2.1419028994403306, 2.058708396139024, 1.989408345162114, 1.926470377777196, 1.867913383471815, 1.812921773029279, 1.760535193395011, 1.7152611334112626, 1.671102389504638, 1.629826670960535], "test_accuracies": [57.59, 55.02, 58.1, 55.79, 56.16, 58.23, 59.44, 56.53, 63.34, 59.76], "train_times": [17.81, 17.73, 16.99, 17.19, 19.65, 18.36, 19.92, 20.3, 19.61, 19.6], "l2_norms": [0.7743420999992744, 0.7174479157744034, 0.6929954914633026, 0.6827285600501681, 0.6639039789552511, 0.647316581581561, 0.6464112520663174, 0.6318153780503991, 0.6275505663188122, 0.623723797451447], "conv_l2_norms": [0.1756298023362974, 0.17577119479693196, 0.16750768084220147, 0.16172211406775547, 0.15362061250937686, 0.14698173795264563, 0.14162204581086646, 0.13807314772271434, 0.1326488456473941, 0.12692553618619018], "fc_l2_norms": [0.7532613997626644, 0.6943849250385851, 0.6713215777453309, 0.6621424194114643, 0.6448803205852794, 0.6292416083003443, 0.6297640394719718, 0.6155451562740447, 0.6123595330066629, 0.6098729632712796], "conv1_l2_norms": [0.05997226030572831, 0.0951489771548253, 0.10194979040324724, 0.10331549239537524, 0.10027308809036381, 0.09735135442367696, 0.0944083065665207, 0.0924857606031448, 0.08922385561588518, 0.08564258914789181], "conv2_l2_norms": [0.16397622522692432, 0.14760955490283892, 0.1328380317226001, 0.12436055605386144, 0.11633868348924863, 0.11008083866463296, 0.10550870802890426, 0.10245617972786468, 0.09810083229883786, 0.09362689207293572], "fc1_l2_norms": [0.39060152690015637, 0.2795384329692609, 0.24381353274824197, 0.22981409150719012, 0.2161961298777034, 0.20812204357669759, 0.20370458451559362, 0.20093158589811733, 0.19771578583809785, 0.19674363962989014], "fc2_l2_norms": [0.6416090863478221, 0.634869989481599, 0.6248983020377287, 0.6203204262863707, 0.6069590313356061, 0.5930522558256655, 0.5951472247540408, 0.5809462581469498, 0.5787431345440875, 0.576399995653987], "count_dead_neurons": [], "k": 3, "operation": "MAX", "control_points": [[0.5167590975761414, 0.43356209993362427], [0.4973334074020386, 0.41004443168640137], [0.9193550944328308, 0.6096861958503723], [0.5613484382629395, 0.6475276947021484]], "knots": [-5.010000228881836, -5.010000228881836, -5.010000228881836, 0.0, 5.010000228881836, 5.010000228881836, 5.010000228881836], "min_knot": -5.01, "max_knot": 5.01, "cp_mode": "random", "cp_count": 4, "repeated_start_knots": 3, "repeated_end_knots": 3, "num_knots": 7, "free_knots": 1, "n": 3}