{"dataset": "MNIST", "batch_size": 128, "learning_rate": 0.01, "num_epochs": 5, "seed": 1234, "activation": "B_SPLINE_MAX", "train_losses": [2.289690203758191, 2.2930945023290636, 2.295226105748972, 2.296255729854234, 2.296927113522853], "test_losses": [2.2905747769754146, 2.293861881087098, 2.29556390907191, 2.296336647830432, 2.2966891964779625], "test_accuracies": [11.35, 11.35, 11.35, 11.35, 11.35], "train_times": [14.37, 16.3, 14.41, 13.89, 15.82], "l2_norms": [0.4533101472806356, 0.38864150317093, 0.3858684276554021, 0.38264401822382793, 0.3811017732145981], "count_dead_neurons": [], "k": 3, "operation": "MAX", "control_points": [[0.028979241847991943, 0.4018985629081726], [0.25984418392181396, 0.3666413426399231], [0.05830073356628418, 0.7006447315216064], [0.05179738998413086, 0.4681392312049866]], "knots": [-5.010000228881836, -5.010000228881836, -5.010000228881836, 0.0, 5.010000228881836, 5.010000228881836, 5.010000228881836], "min_knot": -5.01, "max_knot": 5.01, "cp_mode": "random", "cp_count": 4, "repeated_start_knots": 3, "repeated_end_knots": 3, "num_knots": 7, "free_knots": 1, "n": 3}