{"dataset": "MNIST", "batch_size": 128, "learning_rate": 0.01, "num_epochs": 10, "activation": "B_SPLINE_MAX", "seed": 2934, "train_losses": [1.830359075369357, 1.19188783392469, 0.7697738688637707, 0.5211351254601468, 0.37883199049211513, 0.2920448598005116, 0.23762549475820333, 0.19928541730271218, 0.1726742589683421, 0.15421525514456255], "test_losses": [1.4379077470755275, 0.9156628998020028, 0.6226965841613238, 0.43241630815252474, 0.3122297713085066, 0.25840235944790174, 0.20850902286511433, 0.179306616841615, 0.15705602380293834, 0.1391406833559652], "test_accuracies": [84.74, 92.29, 94.95, 95.72, 96.71, 96.93, 97.26, 97.52, 97.65, 97.81], "train_times": [9.48, 8.37, 10.27, 10.63, 9.35, 10.8, 10.33, 8.85, 10.38, 10.38], "count_dead_neurons": []}