{"dataset": "MNIST", "batch_size": 128, "learning_rate": 0.01, "num_epochs": 10, "seed": 1234, "activation": "B_SPLINE_MAX", "train_losses": [2.1740401197852357, 2.106402868909368, 2.057664206795601, 2.0077678918330144, 1.9599522985120825, 1.9116718281052514, 1.864258059052262, 1.8177549925440155, 1.7719569160485826, 1.728836684847183], "test_losses": [2.124350562880311, 2.074263512333737, 2.0225150313558458, 1.973884590064423, 1.9232495555394813, 1.8755648996256575, 1.826340476168862, 1.7814118484907513, 1.7342289550394951, 1.6913274058812782], "test_accuracies": [54.64, 52.46, 52.18, 53.6, 52.25, 56.33, 54.48, 52.88, 57.21, 56.59], "train_times": [16.43, 14.4, 17.14, 15.47, 16.18, 13.18, 14.04, 12.29, 10.12, 12.23], "l2_norms": [0.7048731155623743, 0.5765500044447105, 0.5533746111411344, 0.5418547769282749, 0.5328764365451367, 0.5218194752535817, 0.5184216349652118, 0.5128046116686704, 0.5090426058668628, 0.5013481509207076], "conv_l2_norms": [0.23487221377013195, 0.20903080809144242, 0.19314241534171925, 0.18586007638709506, 0.1772608732762522, 0.17048965179809392, 0.16206360824524213, 0.1569983081242852, 0.15141875997205642, 0.14621598332546767], "fc_l2_norms": [0.6623141705646886, 0.5349670429457671, 0.5163590102724747, 0.5060171277270623, 0.5002156054993652, 0.49079648175351587, 0.49006839081796827, 0.48607550097079344, 0.4839808237905843, 0.47756008460405674], "conv1_l2_norms": [0.08753019090586882, 0.11625833280746314, 0.11754413325939742, 0.11745678254618327, 0.11346514416648355, 0.11046470700438069, 0.10547797575947176, 0.10244102211986271, 0.09887602949417282, 0.09538846574124221], "conv2_l2_norms": [0.21662206798984313, 0.1735600136590055, 0.15308798244606447, 0.14376809620515163, 0.13581154089376798, 0.12945904375223666, 0.12260806748963245, 0.1185046893079159, 0.11416490274813304, 0.11020352078939029], "fc1_l2_norms": [0.45839290001289923, 0.2811274589566137, 0.24238401150201713, 0.22624015130193348, 0.2163002943531176, 0.20706845371632218, 0.20214443540441537, 0.19988714500020666, 0.19626891869340402, 0.19482680255397278], "fc2_l2_norms": [0.47103038493706517, 0.45339374811299327, 0.4546060998820128, 0.450991436777633, 0.4496697167859055, 0.4434701386242031, 0.44486099344794167, 0.44167172969116014, 0.4406891655486744, 0.43452299672489936], "count_dead_neurons": [], "k": 2, "operation": "MAX", "control_points": [[0.028979241847991943, 0.4018985629081726], [0.25984418392181396, 0.3666413426399231], [0.05830073356628418, 0.7006447315216064], [0.05179738998413086, 0.4681392312049866]], "knots": [-5.010000228881836, -5.010000228881836, -1.6700000762939453, 1.6700000762939453, 5.010000228881836, 5.010000228881836], "min_knot": -5.01, "max_knot": 5.01, "cp_mode": "random", "cp_count": 4, "repeated_start_knots": 2, "repeated_end_knots": 2, "num_knots": 6, "free_knots": 2, "n": 3}