{"dataset": "MNIST", "batch_size": 128, "learning_rate": 0.01, "num_epochs": 5, "seed": 9859283, "activation": "B_SPLINE_MAX", "train_losses": [1.9928245407177696, 1.6924213458225925, 1.4973180210158261, 1.3485651557633618, 1.2328045487658048], "test_losses": [1.8023064694827116, 1.5749075473109377, 1.4045342493660842, 1.274533540387697, 1.1675644335867483], "test_accuracies": [67.67, 69.95, 74.46, 76.11, 77.96], "train_times": [12.89, 10.14, 11.05, 13.02, 11.21], "l2_norms": [1.0385429906487613, 0.8660971549002625, 0.7947899491719593, 0.7476081382502322, 0.7029490572088022], "count_dead_neurons": [], "k": 2, "operation": "MAX", "control_points": [[0.5167590975761414, 0.43356209993362427], [0.4973334074020386, 0.41004443168640137], [0.9193550944328308, 0.6096861958503723], [0.5613484382629395, 0.6475276947021484]], "knots": [-5.010000228881836, -5.010000228881836, -1.6700000762939453, 1.6700000762939453, 5.010000228881836, 5.010000228881836], "min_knot": -5.01, "max_knot": 5.01, "cp_mode": "random", "cp_count": 4, "repeated_start_knots": 2, "repeated_end_knots": 2, "num_knots": 6, "free_knots": 2, "n": 3}