{"dataset": "MNIST", "batch_size": 128, "learning_rate": 0.01, "num_epochs": 5, "seed": 1234, "activation": "B_SPLINE_MAX", "train_losses": [2.1740401197852357, 2.106402868909368, 2.057664206795601, 2.0077678918330144, 1.9599522985120825], "test_losses": [2.124350562880311, 2.074263512333737, 2.0225150313558458, 1.973884590064423, 1.9232495555394813], "test_accuracies": [54.64, 52.46, 52.18, 53.6, 52.25], "train_times": [9.07, 11.15, 10.09, 9.48, 12.84], "l2_norms": [0.7048731155623743, 0.5765500044447105, 0.5533746111411344, 0.5418547769282749, 0.5328764365451367], "count_dead_neurons": [], "k": 2, "operation": "MAX", "control_points": [[0.028979241847991943, 0.4018985629081726], [0.25984418392181396, 0.3666413426399231], [0.05830073356628418, 0.7006447315216064], [0.05179738998413086, 0.4681392312049866]], "knots": [-5.010000228881836, -5.010000228881836, -1.6700000762939453, 1.6700000762939453, 5.010000228881836, 5.010000228881836], "min_knot": -5.01, "max_knot": 5.01, "cp_mode": "random", "cp_count": 4, "repeated_start_knots": 2, "repeated_end_knots": 2, "num_knots": 6, "free_knots": 2, "n": 3}