{"dataset": "MNIST", "batch_size": 128, "learning_rate": 0.01, "num_epochs": 5, "seed": 2934, "activation": "B_SPLINE_MAX", "train_losses": [2.0555070361603045, 1.9018693420170212, 1.7775199687811358, 1.665774987958896, 1.5641021461629157], "test_losses": [1.9584962386119216, 1.8284247313873678, 1.7071178683751747, 1.5997454003442693, 1.5043875974944876], "test_accuracies": [71.7, 67.48, 72.55, 73.05, 74.48], "train_times": [11.81, 10.69, 11.59, 11.22, 11.51], "count_dead_neurons": [], "k": 2, "operation": "MAX", "control_points": [[0.48105359077453613, 0.2059534192085266], [0.742104172706604, 0.056513845920562744], [0.2335154414176941, 0.6265234351158142], [0.4124048948287964, 0.7906419038772583]], "knots": [-5.010000228881836, -5.010000228881836, -1.6700000762939453, 1.6700000762939453, 5.010000228881836, 5.010000228881836], "min_knot": -5.01, "max_knot": 5.01, "cp_mode": "random", "cp_count": 4, "repeated_start_knots": 2, "repeated_end_knots": 2, "num_knots": 6, "free_knots": 2, "n": 3}