{"dataset": "MNIST", "batch_size": 128, "learning_rate": 0.01, "num_epochs": 10, "seed": 2934, "activation": "B_SPLINE_MAX", "train_losses": [2.2268139899158275, 2.2221928344352415, 2.220529838919894, 2.2148912603667044, 2.2072641656342853, 2.198259537153915, 2.1883243467253664, 2.177949456009529, 2.167278961332114, 2.156449488231114], "test_losses": [2.2185705221152006, 2.219817623307433, 2.216295266453224, 2.2091459533836266, 2.2005749774884573, 2.190926687626899, 2.1802930137779137, 2.169564452352403, 2.158474218996265, 2.1478443326829355], "test_accuracies": [40.74, 26.99, 37.55, 33.88, 36.52, 30.92, 28.83, 34.48, 35.42, 33.08], "train_times": [14.8, 15.6, 16.24, 17.54, 13.58, 16.92, 15.15, 15.45, 13.34, 15.33], "l2_norms": [0.6839952706561834, 0.5796595833622028, 0.5616237884375201, 0.5492427674434894, 0.5440845235236562, 0.5496955532542297, 0.5403940895093394, 0.5526458240800572, 0.5323279216849315, 0.5366713821696644], "conv_l2_norms": [0.19747109364645077, 0.14468931576899458, 0.11892946163944958, 0.10652557448540201, 0.0991693690332365, 0.09499138819865158, 0.09281987802368573, 0.09077602675868615, 0.08874062344244973, 0.08713760362887894], "fc_l2_norms": [0.6524132729003165, 0.559011901100702, 0.5476889140120449, 0.5378406022297189, 0.5340856377971894, 0.5406795428273724, 0.531696839248203, 0.5444897726539708, 0.5241613037104663, 0.528861616250692], "conv1_l2_norms": [0.07314035411224723, 0.08005517840179574, 0.07225876452692571, 0.06725339624739804, 0.06390202245983016, 0.06205263809822992, 0.06122948405010198, 0.06026928520898968, 0.05940354169761193, 0.05845079369784707], "conv2_l2_norms": [0.18224652305611594, 0.12040213659718861, 0.09439745725160338, 0.0825579318359707, 0.07576920165059631, 0.07186284289453602, 0.06970476858001126, 0.06781844214610361, 0.06588461517832385, 0.06457873215118524], "fc1_l2_norms": [0.4043449130242018, 0.2197394841315845, 0.17700058479780062, 0.15750035087368588, 0.14741720838764283, 0.14220052993174334, 0.1372883737011504, 0.1373645567853178, 0.13203896633993667, 0.13225223307592718], "fc2_l2_norms": [0.5010851881877978, 0.5123554680484398, 0.51770022722015, 0.5137982912646293, 0.5128861986252965, 0.5212537017512319, 0.5132888228421797, 0.5264393486422106, 0.5068019014985784, 0.511583879330284], "count_dead_neurons": [], "k": 3, "operation": "MAX", "control_points": [[0.48105359077453613, 0.2059534192085266], [0.742104172706604, 0.056513845920562744], [0.2335154414176941, 0.6265234351158142], [0.4124048948287964, 0.7906419038772583]], "knots": [-5.010000228881836, -5.010000228881836, -5.010000228881836, 0.0, 5.010000228881836, 5.010000228881836, 5.010000228881836], "min_knot": -5.01, "max_knot": 5.01, "cp_mode": "random", "cp_count": 4, "repeated_start_knots": 3, "repeated_end_knots": 3, "num_knots": 7, "free_knots": 1, "n": 3}