{"dataset": "MNIST", "batch_size": 128, "learning_rate": 0.01, "num_epochs": 5, "seed": 1234, "activation": "B_SPLINE_MAX", "train_losses": [2.2899269864503253, 2.2932410601105517, 2.295323029255816, 2.2965409603200233, 2.297136954407194], "test_losses": [2.291143441502052, 2.2943698394147654, 2.2967916832694524, 2.2964162826538086, 2.296894154971159], "test_accuracies": [11.35, 11.35, 18.45, 11.35, 11.35], "train_times": [15.63, 15.95, 14.01, 15.51, 14.54], "count_dead_neurons": [], "k": 3, "operation": "MAX", "control_points": [[0.028979241847991943, 0.4018985629081726], [0.25984418392181396, 0.3666413426399231], [0.05830073356628418, 0.7006447315216064], [0.05179738998413086, 0.4681392312049866]], "knots": [-1.8367903232574463, -1.8367903232574463, -1.8367903232574463, 10.351922988891602, 22.54063606262207, 22.54063606262207, 22.54063606262207], "min_knot": -1.8367903327941895, "max_knot": 22.540635833740236, "cp_mode": "random", "cp_count": 4, "repeated_start_knots": 3, "repeated_end_knots": 3, "num_knots": 7, "free_knots": 1, "n": 3}