{"dataset": "MNIST", "batch_size": 128, "learning_rate": 0.01, "num_epochs": 5, "seed": 9859283, "activation": "B_SPLINE_MAX", "train_losses": [1.97795422473696, 1.6725074266319844, 1.4753917084573938, 1.3252751153669378, 1.2086855668757261], "test_losses": [1.7874828395964224, 1.5471220514442348, 1.382272936120818, 1.2504627795159062, 1.1423942869222616], "test_accuracies": [66.66, 73.51, 74.52, 77.84, 78.72], "train_times": [10.39, 11.37, 11.07, 10.08, 11.74], "count_dead_neurons": [], "k": 2, "operation": "MAX", "control_points": [[0.5167590975761414, 0.43356209993362427], [0.4973334074020386, 0.41004443168640137], [0.9193550944328308, 0.6096861958503723], [0.5613484382629395, 0.6475276947021484]], "knots": [-10.113043785095215, -10.113043785095215, 28.336502075195312, 66.78604888916016, 105.235595703125, 105.235595703125], "min_knot": -10.113043556213379, "max_knot": 105.23559356689454, "cp_mode": "random", "cp_count": 4, "repeated_start_knots": 2, "repeated_end_knots": 2, "num_knots": 6, "free_knots": 2, "n": 3}