{"dataset": "MNIST", "batch_size": 128, "learning_rate": 0.01, "num_epochs": 10, "seed": 9859283, "activation": "B_SPLINE_MAX", "train_losses": [1.9928245407177696, 1.6924213458225925, 1.4973180210158261, 1.3485651557633618, 1.2328045487658048, 1.1395128835747237, 1.0633357679411801, 1.0000083517672411, 0.9465573801160622, 0.9001787602266015], "test_losses": [1.8023064694827116, 1.5749075473109377, 1.4045342493660842, 1.274533540387697, 1.1675644335867483, 1.082819185679472, 1.0133529984498326, 0.9561092657378957, 0.9061909823478023, 0.864360286465174], "test_accuracies": [67.67, 69.95, 74.46, 76.11, 77.96, 79.54, 80.66, 81.39, 82.75, 82.51], "train_times": [14.34, 14.59, 14.1, 14.29, 14.44, 14.15, 13.34, 13.12, 13.37, 13.26], "l2_norms": [1.0385429906487613, 0.8660971549002625, 0.7947899491719593, 0.7476081382502322, 0.7029490572088022, 0.6641869864957156, 0.6440141909843587, 0.6149687745827973, 0.6004263342862762, 0.5892524647486577], "conv_l2_norms": [0.32621768374386995, 0.27607246550872394, 0.24437919194321087, 0.21729947942030514, 0.1944456595822527, 0.17477025348493783, 0.1608328937810444, 0.14636458036364916, 0.13615353392407287, 0.12694063247695847], "fc_l2_norms": [0.9838907806935284, 0.8176759591386412, 0.7531465927245308, 0.7124818346928554, 0.6732091463660643, 0.6383969273306958, 0.6218266390790452, 0.5957492301907217, 0.5831904110112943, 0.5741422187082198], "conv1_l2_norms": [0.12790700100642327, 0.1578786713771059, 0.1491357650265792, 0.1369118213778521, 0.12389096813645221, 0.11196664350909731, 0.10356978635464169, 0.09442833818650095, 0.08722666255800296, 0.0812371031198587], "conv2_l2_norms": [0.29749463200358695, 0.22594358258411937, 0.19307050438614065, 0.16830036457360104, 0.1494157493694514, 0.13374861126275933, 0.12269122920187649, 0.11154032215925876, 0.10412480661299162, 0.09717131719210825], "fc1_l2_norms": [0.7411748438398211, 0.5421151211189729, 0.4877208963535995, 0.4558620540825953, 0.4294198217196195, 0.4071435585478874, 0.3920903975582037, 0.37917480881265087, 0.3714809841691816, 0.3689020458278145], "fc2_l2_norms": [0.6405037465093066, 0.609057421196196, 0.5710279553537422, 0.5445918695229781, 0.5157366235527719, 0.48885522397517334, 0.479829805191265, 0.45649644136034123, 0.4465360528380137, 0.43718932638603614], "count_dead_neurons": [], "k": 2, "operation": "MAX", "control_points": [[0.5167590975761414, 0.43356209993362427], [0.4973334074020386, 0.41004443168640137], [0.9193550944328308, 0.6096861958503723], [0.5613484382629395, 0.6475276947021484]], "knots": [-5.010000228881836, -5.010000228881836, -1.6700000762939453, 1.6700000762939453, 5.010000228881836, 5.010000228881836], "min_knot": -5.01, "max_knot": 5.01, "cp_mode": "random", "cp_count": 4, "repeated_start_knots": 2, "repeated_end_knots": 2, "num_knots": 6, "free_knots": 2, "n": 3}