{"dataset": "MNIST", "batch_size": 128, "learning_rate": 0.01, "num_epochs": 5, "seed": 9859283, "activation": "B_SPLINE_MAX", "train_losses": [2.208551952325459, 2.1089844068230343, 2.0366670172860117, 1.9716989597532033, 1.9102165000016755], "test_losses": [2.147174648091763, 2.064924004711682, 1.9993350611457341, 1.934245405317862, 1.8751919556267653], "test_accuracies": [41.16, 50.74, 48.29, 56.12, 56.74], "train_times": [14.3, 15.27, 14.11, 14.6, 14.54], "count_dead_neurons": [], "k": 3, "operation": "MAX", "control_points": [[0.5167590975761414, 0.43356209993362427], [0.4973334074020386, 0.41004443168640137], [0.9193550944328308, 0.6096861958503723], [0.5613484382629395, 0.6475276947021484]], "knots": [-13.540092468261719, -13.540092468261719, -13.540092468261719, 25.250137329101562, 64.04036712646484, 64.04036712646484, 64.04036712646484], "min_knot": -13.540092239379883, "max_knot": 64.04036499023438, "cp_mode": "random", "cp_count": 4, "repeated_start_knots": 3, "repeated_end_knots": 3, "num_knots": 7, "free_knots": 1, "n": 3}