{"dataset": "MNIST", "batch_size": 128, "learning_rate": 0.01, "num_epochs": 5, "seed": 9859283, "activation": "B_SPLINE_MAX", "train_losses": [2.208392504181689, 2.1023145576021562, 2.028726895989131, 1.9627986254214225, 1.9033420995862753], "test_losses": [2.1419028994403306, 2.058708396139024, 1.989408345162114, 1.926470377777196, 1.867913383471815], "test_accuracies": [57.59, 55.02, 58.1, 55.79, 56.16], "train_times": [14.95, 15.22, 13.66, 15.94, 12.85], "l2_norms": [0.7743420999992744, 0.7174479157744034, 0.6929954914633026, 0.6827285600501681, 0.6639039789552511], "count_dead_neurons": [], "k": 3, "operation": "MAX", "control_points": [[0.5167590975761414, 0.43356209993362427], [0.4973334074020386, 0.41004443168640137], [0.9193550944328308, 0.6096861958503723], [0.5613484382629395, 0.6475276947021484]], "knots": [-5.010000228881836, -5.010000228881836, -5.010000228881836, 0.0, 5.010000228881836, 5.010000228881836, 5.010000228881836], "min_knot": -5.01, "max_knot": 5.01, "cp_mode": "random", "cp_count": 4, "repeated_start_knots": 3, "repeated_end_knots": 3, "num_knots": 7, "free_knots": 1, "n": 3}