{"dataset": "MNIST", "batch_size": 128, "learning_rate": 0.01, "num_epochs": 5, "seed": 2934, "activation": "B_SPLINE_MAX", "train_losses": [2.23036191661729, 2.227351446904099, 2.226456993932663, 2.221467427861716, 2.2144745636596355], "test_losses": [2.2231414650059955, 2.2257693870158137, 2.221683710436278, 2.217295338835897, 2.2096759005437923], "test_accuracies": [47.79, 27.67, 30.15, 33.94, 30.08], "train_times": [14.54, 13.7, 15.69, 14.36, 14.72], "count_dead_neurons": [], "k": 3, "operation": "MAX", "control_points": [[0.48105359077453613, 0.2059534192085266], [0.742104172706604, 0.056513845920562744], [0.2335154414176941, 0.6265234351158142], [0.4124048948287964, 0.7906419038772583]], "knots": [-109.06529235839844, -109.06529235839844, -109.06529235839844, -51.76110076904297, 5.543086528778076, 5.543086528778076, 5.543086528778076], "min_knot": -109.06529022216797, "max_knot": 5.54308629989624, "cp_mode": "random", "cp_count": 4, "repeated_start_knots": 3, "repeated_end_knots": 3, "num_knots": 7, "free_knots": 1, "n": 3}